site_code,transect,treatment,distance_from_center,planting_date,emergence_census_date,emerged,BRTE_neighbors,final_census_date,seeds,seeds_produced,total_dry_mass,seed_mass,seed_drop,unfilled_seeds,smut_seeds,notes
SouthEden,S,control,0.2,9/15/2023,10/24/2023,Y,4,6/14/2024,Y,10,0..020,0.026,,1,,
SouthEden,S,control,0.4,9/15/2023,10/24/2023,Y,3,6/14/2024,N,,,,,,,
SouthEden,S,control,0.6,9/15/2023,10/24/2023,Y,3,6/14/2024,Y,,,,,,,broken
SouthEden,S,control,0.8,9/15/2023,10/24/2023,N,6,6/14/2024,N,,,,,,,
SouthEden,S,control,1,9/15/2023,10/24/2023,N,,6/14/2024,,,,,,,,missing
SouthEden,S,control,1.2,9/15/2023,10/24/2023,Y,4,6/14/2024,N,,,,,,,
SouthEden,S,control,1.4,9/15/2023,10/24/2023,Y,1,6/14/2024,N,,,,,,,
SouthEden,S,control,1.6,9/15/2023,10/24/2023,Y,,6/14/2024,,,,,,,,missing
SouthEden,S,control,1.8,9/15/2023,10/24/2023,Y,4,6/14/2024,Y,4,0.008,0.011,,0,,
SouthEden,S,control,2,9/15/2023,10/24/2023,Y,3,6/14/2024,Y,3,0.01,0.01,,0,,
SouthEden,S,control,2.2,9/15/2023,10/24/2023,Y,2,6/14/2024,Y,1,0.004,0.002,,0,,
SouthEden,S,control,2.4,9/15/2023,10/24/2023,Y,6,6/14/2024,Y,13,0.025,0.035,,0,,
SouthEden,S,control,2.6,9/15/2023,10/24/2023,Y,4,6/14/2024,N,,,,,,,
SouthEden,S,control,2.8,9/15/2023,10/24/2023,Y,2,6/14/2024,Y,1,0.005,0,Y,0,,
SouthEden,S,control,3,9/15/2023,10/24/2023,,,6/14/2024,,,,,,,,trampled
SouthEden,S,control,3.2,9/15/2023,10/24/2023,Y,4,6/14/2024,N,,,,,,,
SouthEden,S,control,3.4,9/15/2023,10/24/2023,Y,9,6/14/2024,Y,4,0.012,0.011,,1,,
SouthEden,S,control,3.6,9/15/2023,10/24/2023,Y,4,6/14/2024,N,,,,,,,
SouthEden,S,control,3.8,9/15/2023,10/24/2023,N,2,6/14/2024,N,,,,,,,
SouthEden,S,control,4,9/15/2023,10/24/2023,Y,6,6/14/2024,N,,,,,,,
SouthEden,S,control,4.2,9/15/2023,10/24/2023,Y,3,6/14/2024,N,,,,,,,
SouthEden,S,control,4.4,9/15/2023,10/24/2023,Y,4,6/14/2024,Y,3,0.003,0.004,,1,,
SouthEden,S,control,4.6,9/15/2023,10/24/2023,Y,4,6/14/2024,Y,5,0.012,0.012,,0,,
SouthEden,S,control,4.8,9/15/2023,10/24/2023,N,5,6/14/2024,,,,,,,,
SouthEden,S,control,5,9/15/2023,10/24/2023,Y,14,6/14/2024,Y,1,0.005,0,,1,,
SouthEden,S,control,5.2,9/15/2023,10/24/2023,Y,7,6/14/2024,Y,1,0.001,0,Y?,1,,
SouthEden,S,control,5.4,9/15/2023,10/24/2023,Y,3,6/14/2024,N,,,,,,,
SouthEden,S,control,5.6,9/15/2023,10/24/2023,Y,4,6/14/2024,Y,11,0.021,0.03,,1,,
SouthEden,S,control,5.8,9/15/2023,10/24/2023,Y,8,6/14/2024,Y,3,0.004,0.005,,0,,
SouthEden,S,control,6,9/15/2023,10/24/2023,Y,6,6/14/2024,N,,,,,,,
SouthEden,S,control,6.2,9/15/2023,10/24/2023,Y,2,6/14/2024,N,,,,,,,
SouthEden,S,control,6.4,9/15/2023,10/24/2023,Y,5,6/14/2024,Y,4,0.008,0.01,,0,,
SouthEden,S,control,6.6,9/15/2023,10/24/2023,Y,5,6/14/2024,N,,,,,,,
SouthEden,S,control,6.8,9/15/2023,10/24/2023,Y,8,6/14/2024,Y,2,0.004,0.003,,1,,
SouthEden,S,control,7,9/15/2023,10/24/2023,Y,2,6/14/2024,N,,,,,,,
SouthEden,S,control,7.2,9/15/2023,10/24/2023,Y,2,6/14/2024,N,,,,,,,
SouthEden,S,control,7.4,9/15/2023,10/24/2023,Y,3,6/14/2024,N,,,,,,,
SouthEden,S,control,7.6,9/15/2023,10/24/2023,Y,3,6/14/2024,Y,1,0.008,0,,0,,
SouthEden,S,control,7.8,9/15/2023,10/24/2023,N,0,6/14/2024,,,,,,,,
SouthEden,S,control,8,9/15/2023,10/24/2023,Y,2,6/14/2024,Y,2,0.005,0.003,,0,,
SouthEden,S,control,8.2,9/15/2023,10/24/2023,Y,3,6/14/2024,Y,2,0.003,0,,2,,
SouthEden,S,control,8.4,9/15/2023,10/24/2023,Y,3,6/14/2024,N,,,,,,,
SouthEden,S,control,8.6,9/15/2023,10/24/2023,Y,2,6/14/2024,Y,0,0,,Y,,,
SouthEden,S,control,8.8,9/15/2023,10/24/2023,Y,0,6/14/2024,N,,,,,,,
SouthEden,S,control,9,9/15/2023,10/24/2023,Y,2,6/14/2024,Y,3,0.001,0.005,,1,,
SouthEden,S,control,9.2,9/15/2023,10/24/2023,N,0,6/14/2024,N,,,,,,,
SouthEden,S,control,9.4,9/15/2023,10/24/2023,Y,0,6/14/2024,N,,,,,,,
SouthEden,S,control,9.6,9/15/2023,10/24/2023,Y,1,6/14/2024,N,,,,,,,
SouthEden,S,control,9.8,9/15/2023,10/24/2023,Y,2,6/14/2024,Y,4,0.004,0.004,Y,0,,
SouthEden,S,control,10,9/15/2023,10/24/2023,Y,7,6/14/2024,N,,,,,,,
SouthEden,W,control,0.2,9/15/2023,10/24/2023,Y,2,6/14/2024,N,,,,,,,
SouthEden,W,control,0.4,9/15/2023,10/24/2023,Y,3,6/14/2024,Y,3,0.005,0.008,,0,,
SouthEden,W,control,0.6,9/15/2023,10/24/2023,Y,2,6/14/2024,Y,6,0.018,0.021,,6,6,
SouthEden,W,control,0.8,9/15/2023,10/24/2023,Y,2,6/14/2024,Y,1,0.003,0.001,,1,,
SouthEden,W,control,1,9/15/2023,10/24/2023,Y,7,6/14/2024,N,,,,,,,
SouthEden,W,control,1.2,9/15/2023,10/24/2023,Y,4,6/14/2024,Y,7,0.013,0.018,,0,,
SouthEden,W,control,1.4,9/15/2023,10/24/2023,Y,3,6/14/2024,missing,,,,,,,broken toothpick
SouthEden,W,control,1.6,9/15/2023,10/24/2023,Y,2,6/14/2024,Y,4,0.006,0.008,,0,,
SouthEden,W,control,1.8,9/15/2023,10/24/2023,Y,2,6/14/2024,N,,,,,,,
SouthEden,W,control,2,9/15/2023,10/24/2023,Y,0,6/14/2024,N,,,,,,,
SouthEden,W,control,2.2,9/15/2023,10/24/2023,Y,3,6/14/2024,N,,,,,,,
SouthEden,W,control,2.4,9/15/2023,10/24/2023,Y,,6/14/2024,missing,,,,,,,
SouthEden,W,control,2.6,9/15/2023,10/24/2023,Y,8,6/14/2024,N,,,,,,,
SouthEden,W,control,2.8,9/15/2023,10/24/2023,N,8,6/14/2024,N,,,,,,,
SouthEden,W,control,3,9/15/2023,10/24/2023,Y,1,6/14/2024,N,,,,,,,
SouthEden,W,control,3.2,9/15/2023,10/24/2023,Y,1,6/14/2024,N,,,,,,,broken/trampled
SouthEden,W,control,3.4,9/15/2023,10/24/2023,N,,6/14/2024,missing,,,,,,,
SouthEden,W,control,3.6,9/15/2023,10/24/2023,Y,1,6/14/2024,Y,5,0.013,0.005,,5,,
SouthEden,W,control,3.8,9/15/2023,10/24/2023,Y,0,6/14/2024,N,,,,,,,
SouthEden,W,control,4,9/15/2023,10/24/2023,Y,5,6/14/2024,N,,,,,,,
SouthEden,W,control,4.2,9/15/2023,10/24/2023,Y,2,6/14/2024,Y,5,0.007,0.012,,0,,
SouthEden,W,control,4.4,9/15/2023,10/24/2023,Y,,6/14/2024,missing,,,,,,,broken
SouthEden,W,control,4.6,9/15/2023,10/24/2023,Y,,6/14/2024,missing,,,,,,,broken
SouthEden,W,control,4.8,9/15/2023,10/24/2023,N,,6/14/2024,missing,,,,,,,broken
SouthEden,W,control,5,9/15/2023,10/24/2023,Y,2,6/14/2024,Y,5,0.009,0.013,,1,,
SouthEden,W,control,5.2,9/15/2023,10/24/2023,Y,,6/14/2024,missing,,,,,,,
SouthEden,W,control,5.4,9/15/2023,10/24/2023,,,6/14/2024,missing,,,,,,,trampled
SouthEden,W,control,5.6,9/15/2023,10/24/2023,N,2,6/14/2024,N,,,,,,,
SouthEden,W,control,5.8,9/15/2023,10/24/2023,Y,4,6/14/2024,Y,68,0.109,0.132,,18,,
SouthEden,W,control,6,9/15/2023,10/24/2023,N,1,6/14/2024,,,,,,,,
SouthEden,W,control,6.2,9/15/2023,10/24/2023,Y,1,6/14/2024,N,,,,,,,
SouthEden,W,control,6.4,9/15/2023,10/24/2023,N,0,6/14/2024,,,,,,,,
SouthEden,W,control,6.6,9/15/2023,10/24/2023,N,2,6/14/2024,Y,8,0.034,0.016,,7,,
SouthEden,W,control,6.8,9/15/2023,10/24/2023,N,5,6/14/2024,,,,,,,,
SouthEden,W,control,7,9/15/2023,10/24/2023,Y,0,6/14/2024,N,,,,,,,
SouthEden,W,control,7.2,9/15/2023,10/24/2023,Y,0,6/14/2024,N,,,,,,,
SouthEden,W,control,7.4,9/15/2023,10/24/2023,Y,,6/14/2024,missing,,,,,,,broken
SouthEden,W,control,7.6,9/15/2023,10/24/2023,Y,2,6/14/2024,N,,,,,,,
SouthEden,W,control,7.8,9/15/2023,10/24/2023,Y,1,6/14/2024,Y,6,0.015,0.02,,0,,
SouthEden,W,control,8,9/15/2023,10/24/2023,Y,2,6/14/2024,N,,,,,,,
SouthEden,W,control,8.2,9/15/2023,10/24/2023,Y,0,6/14/2024,Y,3,0.008,0.007,,0,,
SouthEden,W,control,8.4,9/15/2023,10/24/2023,Y,0,6/14/2024,Y,1,0.006,0.001,,0,,
SouthEden,W,control,8.6,9/15/2023,10/24/2023,Y,1,6/14/2024,N,,,,,,,
SouthEden,W,control,8.8,9/15/2023,10/24/2023,Y,0,6/14/2024,N,,,,,,,
SouthEden,W,control,9,9/15/2023,10/24/2023,Y,0,6/14/2024,Y,12,0.029,0.038,,1,,
SouthEden,W,control,9.2,9/15/2023,10/24/2023,Y,2,6/14/2024,N,,,,,,,
SouthEden,W,control,9.4,9/15/2023,10/24/2023,Y,2,6/14/2024,N,,,,,,,
SouthEden,W,control,9.6,9/15/2023,10/24/2023,N,7,6/14/2024,N,,,,,,,
SouthEden,W,control,9.8,9/15/2023,10/24/2023,Y,3,6/14/2024,N,,,,,,,
SouthEden,W,control,10,9/15/2023,10/24/2023,Y,5,6/14/2024,Y,1,0.005,0,,1,,
SouthEden,N,removal,2.2,9/15/2023,10/24/2023,Y,0,6/14/2024,Y,16,0.042,0.047,,1,,
SouthEden,N,removal,2.4,9/15/2023,10/24/2023,Y,0,6/14/2024,Y,38,0.087,0.113,,2,,
SouthEden,N,removal,2.6,9/15/2023,10/24/2023,Y,,6/14/2024,missing,,,,,,,
SouthEden,N,removal,2.8,9/15/2023,10/24/2023,Y,1,6/14/2024,N,,,,,,,
SouthEden,N,removal,3,9/15/2023,10/24/2023,N,0,6/14/2024,Y,5,0.007,0.012,,0,,
SouthEden,N,removal,3.2,9/15/2023,10/24/2023,Y,1,6/14/2024,N,,,,,,,
SouthEden,N,removal,3.4,9/15/2023,10/24/2023,Y,0,6/14/2024,Y,6,0.009,0.01,,0,,
SouthEden,N,removal,3.6,9/15/2023,10/24/2023,Y,1,6/14/2024,Y,346,1.142,0.901,,17,,
SouthEden,N,removal,3.8,9/15/2023,10/24/2023,Y,0,6/14/2024,Y,186,0.433,0.471,,10,,
SouthEden,N,removal,4,9/15/2023,10/24/2023,N,0,6/14/2024,N,,,,,,,
SouthEden,N,removal,4.2,9/15/2023,10/24/2023,,2,6/14/2024,N,,,,,,,trampled
SouthEden,N,removal,4.4,9/15/2023,10/24/2023,Y,0,6/14/2024,Y,0,0.011,,,,,
SouthEden,N,removal,4.6,9/15/2023,10/24/2023,N,0,6/14/2024,N,,,,,,,
SouthEden,N,removal,4.8,9/15/2023,10/24/2023,Y,1,6/14/2024,Y,170,0.476,0.484,,3,,
SouthEden,N,removal,5,9/15/2023,10/24/2023,N,1,6/14/2024,N,,,,,,,
SouthEden,N,removal,5.2,9/15/2023,10/24/2023,Y,2,6/14/2024,N,,,,,,,
SouthEden,N,removal,5.4,9/15/2023,10/24/2023,N,0,6/14/2024,N,,,,,,,
SouthEden,N,removal,5.6,9/15/2023,10/24/2023,Y,0,6/14/2024,N,,,,,,,
SouthEden,N,removal,5.8,9/15/2023,10/24/2023,N,1,6/14/2024,N,,,,,,,
SouthEden,N,removal,6,9/15/2023,10/24/2023,Y,0,6/14/2024,Y,264,0.685,0.691,,15,,
SouthEden,N,removal,6.2,9/15/2023,10/24/2023,N,2,6/14/2024,N,,,,,,,
SouthEden,N,removal,6.4,9/15/2023,10/24/2023,Y,1,6/14/2024,N,,,,,,,broken tiller
SouthEden,N,removal,6.6,9/15/2023,10/24/2023,,,6/14/2024,missing,,,,,,,trampled
SouthEden,N,removal,6.8,9/15/2023,10/24/2023,Y,1,6/14/2024,Y,52,0.164,0.172,,10,,
SouthEden,N,removal,7,9/15/2023,10/24/2023,Y,1,6/14/2024,Y,9,0.013,0.022,,1,,
SouthEden,E,removal,2.2,9/15/2023,10/24/2023,Y,1,6/14/2024,N,,,,,,,
SouthEden,E,removal,2.4,9/15/2023,10/24/2023,Y,1,6/14/2024,Y,72,0.141,0.12,,57,10,
SouthEden,E,removal,2.6,9/15/2023,10/24/2023,Y,2,6/14/2024,Y,171,0.498,0.416,,56,8,
SouthEden,E,removal,2.8,9/15/2023,10/24/2023,Y,0,6/14/2024,Y,204,0.628,0.446,,42,,
SouthEden,E,removal,3,9/15/2023,10/24/2023,Y,0,6/14/2024,Y,,,,,,,broken tillers
SouthEden,E,removal,3.2,9/15/2023,10/24/2023,Y,0,6/14/2024,Y,22,0.129,0.043,,6,,"2 tillers, 1 broken"
SouthEden,E,removal,3.4,9/15/2023,10/24/2023,Y,2,6/14/2024,Y,35,0.1,0.085,,35,35,
SouthEden,E,removal,3.6,9/15/2023,10/24/2023,Y,4,6/14/2024,N,,,,,,,
SouthEden,E,removal,3.8,9/15/2023,10/24/2023,Y,0,6/14/2024,Y,16,0.035,0.047,,0,,
SouthEden,E,removal,4,9/15/2023,10/24/2023,Y,0,6/14/2024,Y,22,0.067,0.069,,2,,
SouthEden,E,removal,4.2,9/15/2023,10/24/2023,Y,0,6/14/2024,Y,37,0.072,0.083,,0,,
SouthEden,E,removal,4.4,9/15/2023,10/24/2023,Y,2,6/14/2024,Y,30,0.062,0.058,,30,30,
SouthEden,E,removal,4.6,9/15/2023,10/24/2023,Y,0,6/14/2024,Y,12,0.024,0.031,,0,,
SouthEden,E,removal,4.8,9/15/2023,10/24/2023,Y,0,6/14/2024,Y,73,0.26,0.151,,21,,2/3 tillers broken
SouthEden,E,removal,5,9/15/2023,10/24/2023,Y,0,6/14/2024,Y,62,0.121,0.115,,13,,
SouthEden,E,removal,5.2,9/15/2023,10/24/2023,Y,0,6/14/2024,Y,50,0.103,0.132,,3,,
SouthEden,E,removal,5.4,9/15/2023,10/24/2023,Y,0,6/14/2024,Y,12,0.021,0.032,,0,,
SouthEden,E,removal,5.6,9/15/2023,10/24/2023,Y,0,6/14/2024,Y,6,0.01,0.014,,0,,
SouthEden,E,removal,5.8,9/15/2023,10/24/2023,N,0,6/14/2024,N,,,,,,,broken tiller
SouthEden,E,removal,6,9/15/2023,10/24/2023,Y,0,6/14/2024,Y,,,,,,,not harvested
SouthEden,E,removal,6.2,9/15/2023,10/24/2023,Y,0,6/14/2024,Y,1,0.005,0.003,,0,,
SouthEden,E,removal,6.4,9/15/2023,10/24/2023,Y,0,6/14/2024,Y,10,0.03,0.036,,0,,
SouthEden,E,removal,6.6,9/15/2023,10/24/2023,Y,0,6/14/2024,Y,10,0.018,0.027,,0,,
SouthEden,E,removal,6.8,9/15/2023,10/24/2023,Y,1,6/14/2024,Y,44,0.079,0.083,,44,44,
SouthEden,E,removal,7,9/15/2023,10/24/2023,N,,6/14/2024,missing,,,,,,,
SSHQ,N,control,0.2,9/8/2023,10/19/2023,Y,4,6/18/2024,Y,1,0,0,,0,,
SSHQ,N,control,0.4,9/8/2023,10/19/2023,Y,7,6/18/2024,Y,1,0.006,0,Y,0,,
SSHQ,N,control,0.6,9/8/2023,10/19/2023,Y,0,6/18/2024,N,,,,,,,buried 
SSHQ,N,control,0.8,9/8/2023,10/19/2023,N,3,6/18/2024,N,,,,,,,buried 
SSHQ,N,control,1,9/8/2023,10/19/2023,N,0,6/18/2024,N,,,,,,,
SSHQ,N,control,1.2,9/8/2023,10/19/2023,Y,0,6/18/2024,Y,1,0.002,0,,0,,
SSHQ,N,control,1.4,9/8/2023,10/19/2023,N,2,6/18/2024,N,,,,,,,
SSHQ,N,control,1.6,9/8/2023,10/19/2023,N,0,6/18/2024,N,,,,,,,
SSHQ,N,control,1.8,9/8/2023,10/19/2023,Y,6,6/18/2024,Y,3,0.007,0.007,,0,,
SSHQ,N,control,2,9/8/2023,10/19/2023,Y,4,6/18/2024,Y,2,0.003,0.004,,0,,
SSHQ,N,control,2.2,9/8/2023,10/19/2023,Y,2,6/18/2024,Y,1,0.006,0.001,Y,0,1,
SSHQ,N,control,2.4,9/8/2023,10/19/2023,Y,1,6/18/2024,Y,2,0.004,0.005,,1,,
SSHQ,N,control,2.6,9/8/2023,10/19/2023,Y,2,6/18/2024,Y,5,0.012,0.011,,0,,
SSHQ,N,control,2.8,9/8/2023,10/19/2023,Y,8,6/18/2024,Y,2,0.004,0.005,,1,,
SSHQ,N,control,3,9/8/2023,10/19/2023,N,1,6/18/2024,N,,,,,,,
SSHQ,N,control,3.2,9/8/2023,10/19/2023,N,0,6/18/2024,N,,,,,,,
SSHQ,N,control,3.4,9/8/2023,10/19/2023,Y,0,6/18/2024,N,,,,,,,
SSHQ,N,control,3.6,9/8/2023,10/19/2023,Y,1,6/18/2024,Y,2,0.006,0.003,,0,,
SSHQ,N,control,3.8,9/8/2023,10/19/2023,Y,1,6/18/2024,Y,0,0.002,,,,,
SSHQ,N,control,4,9/8/2023,10/19/2023,Y,5,6/18/2024,Y,2,0.004,0.003,,1,,
SSHQ,N,control,4.2,9/8/2023,10/19/2023,Y,2,6/18/2024,Y,1,0,0.002,,0,,
SSHQ,N,control,4.4,9/8/2023,10/19/2023,N,2,6/18/2024,N,,,,,,,
SSHQ,N,control,4.6,9/8/2023,10/19/2023,N,4,6/18/2024,Y,1,0,0,,1,,
SSHQ,N,control,4.8,9/8/2023,10/19/2023,Y,2,6/18/2024,Y,1,0,0,Y,1,,
SSHQ,N,control,5,9/8/2023,10/19/2023,Y,4,6/18/2024,N,,,,,,,
SSHQ,N,control,5.2,9/8/2023,10/19/2023,Y,3,6/18/2024,N,,,,,,,
SSHQ,N,control,5.4,9/8/2023,10/19/2023,Y,1,6/18/2024,Y,1,0,0,Y,0,,
SSHQ,N,control,5.6,9/8/2023,10/19/2023,Y,3,6/18/2024,N,,,,,,,
SSHQ,N,control,5.8,9/8/2023,10/19/2023,Y,4,6/18/2024,Y,3,0,0.002,,0,,
SSHQ,N,control,6,9/8/2023,10/19/2023,N,1,6/18/2024,N,,,,,,,
SSHQ,N,control,6.2,9/8/2023,10/19/2023,N,2,6/18/2024,N,,,,,,,
SSHQ,N,control,6.4,9/8/2023,10/19/2023,N,2,6/18/2024,N,,,,,,,
SSHQ,N,control,6.6,9/8/2023,10/19/2023,N,0,6/18/2024,N,,,,,,,
SSHQ,N,control,6.8,9/8/2023,10/19/2023,N,0,6/18/2024,N,,,,,,,
SSHQ,N,control,7,9/8/2023,10/19/2023,N,0,6/18/2024,N,,,,,,,
SSHQ,N,control,7.2,9/8/2023,10/19/2023,N,0,6/18/2024,N,,,,,,,
SSHQ,N,control,7.4,9/8/2023,10/19/2023,Y,3,6/18/2024,Y,2,0,0,,1,,
SSHQ,N,control,7.6,9/8/2023,10/19/2023,N,0,6/18/2024,N,,,,,,,
SSHQ,N,control,7.8,9/8/2023,10/19/2023,N,0,6/18/2024,N,,,,,,,
SSHQ,N,control,8,9/8/2023,10/19/2023,N,0,6/18/2024,N,,,,,,,
SSHQ,N,control,8.2,9/8/2023,10/19/2023,N,0,6/18/2024,N,,,,,,,
SSHQ,N,control,8.4,9/8/2023,10/19/2023,Y,3,6/18/2024,N,,,,,,,
SSHQ,N,control,8.6,9/8/2023,10/19/2023,Y,6,6/18/2024,Y,1,0.005,0,,1,,
SSHQ,N,control,8.8,9/8/2023,10/19/2023,Y,1,6/18/2024,N,,,,,,,
SSHQ,N,control,9,9/8/2023,10/19/2023,N,2,6/18/2024,N,,,,,,,
SSHQ,N,control,9.2,9/8/2023,10/19/2023,Y,1,6/18/2024,N,,,,,,,
SSHQ,N,control,9.4,9/8/2023,10/19/2023,Y,0,6/18/2024,Y,1,0.003,0,,1,,
SSHQ,N,control,9.6,9/8/2023,10/19/2023,N,,6/18/2024,missing,,,,,,,
SSHQ,N,control,9.8,9/8/2023,10/19/2023,N,1,6/18/2024,Y,2,0.006,0.005,,0,,
SSHQ,N,control,10,9/8/2023,10/19/2023,Y,1,6/18/2024,Y,2,0.006,0.002,,2,2,
SSHQ,E,removal,2.2,9/8/2023,10/19/2023,Y,9,6/18/2024,Y,3,0.007,0.007,,0,,
SSHQ,E,removal,2.4,9/8/2023,10/19/2023,Y,6,6/18/2024,Y,7,0.012,0.016,,0,,
SSHQ,E,removal,2.6,9/8/2023,10/19/2023,Y,5,6/18/2024,N,,,,,,,toothpick broken
SSHQ,E,removal,2.8,9/8/2023,10/19/2023,Y,15,6/18/2024,Y,2,0.009,0.006,,0,,
SSHQ,E,removal,3,9/8/2023,10/19/2023,Y,6,6/18/2024,Y,3,0.007,0.006,,0,,
SSHQ,E,removal,3.2,9/8/2023,10/19/2023,N,9,6/18/2024,N,,,,,,,
SSHQ,E,removal,3.4,9/8/2023,10/19/2023,Y,6,6/18/2024,Y,0,0.004,,,,,
SSHQ,E,removal,3.6,9/8/2023,10/19/2023,Y,12,6/18/2024,Y,22,0.057,0.035,,21,,
SSHQ,E,removal,3.8,9/8/2023,10/19/2023,N,28,6/18/2024,Y,18,0.034,0.032,,4,,
SSHQ,E,removal,4,9/8/2023,10/19/2023,Y,14,6/18/2024,Y,0,0.006,,Y,,,
SSHQ,E,removal,4.2,9/8/2023,10/19/2023,Y,36,6/18/2024,Y,0,0.003,,Y,,,
SSHQ,E,removal,4.4,9/8/2023,10/19/2023,N,13,6/18/2024,N,,,,,,,
SSHQ,E,removal,4.6,9/8/2023,10/19/2023,Y,12,6/18/2024,Y,0,0.005,,Y,,,
SSHQ,E,removal,4.8,9/8/2023,10/19/2023,Y,23,6/18/2024,Y,2,0.004,0.003,,1,,
SSHQ,E,removal,5,9/8/2023,10/19/2023,Y,24,6/18/2024,N,,,,,,,
SSHQ,E,removal,5.2,9/8/2023,10/19/2023,N,18,6/18/2024,N,,,,,,,
SSHQ,E,removal,5.4,9/8/2023,10/19/2023,N,13,6/18/2024,N,,,,,,,
SSHQ,E,removal,5.6,9/8/2023,10/19/2023,Y,11,6/18/2024,Y,1,0.001,0,,1,1,
SSHQ,E,removal,5.8,9/8/2023,10/19/2023,N,12,6/18/2024,N,,,,,,,
SSHQ,E,removal,6,9/8/2023,10/19/2023,Y,5,6/18/2024,Y,3,0.004,0.003,,0,,
SSHQ,E,removal,6.2,9/8/2023,10/19/2023,Y,14,6/18/2024,Y,1,0.002,0,,0,,
SSHQ,E,removal,6.4,9/8/2023,10/19/2023,N,0,6/18/2024,N,,,,,,,
SSHQ,E,removal,6.6,9/8/2023,10/19/2023,Y,0,6/18/2024,Y,4,0.006,0.006,,4,4,
SSHQ,E,removal,6.8,9/8/2023,10/19/2023,N,1,6/18/2024,N,,,,,,,
SSHQ,E,removal,7,9/8/2023,10/19/2023,Y,10,6/18/2024,Y,1,0.005,0,,1,,
SSHQ,S,removal,2.2,9/8/2023,10/19/2023,Y,6,6/18/2024,Y,7,0.011,0.016,,0,,
SSHQ,S,removal,2.4,9/8/2023,10/19/2023,N,12,6/18/2024,N,,,,,,,
SSHQ,S,removal,2.6,9/8/2023,10/19/2023,Y,12,6/18/2024,Y,2,0.002,0.003,,0,,
SSHQ,S,removal,2.8,9/8/2023,10/19/2023,Y,38,6/18/2024,Y,2,0.008,0,,1,,
SSHQ,S,removal,3,9/8/2023,10/19/2023,N,23,6/18/2024,N,,,,,,,
SSHQ,S,removal,3.2,9/8/2023,10/19/2023,Y,19,6/18/2024,Y,1,0.005,0,,0,,
SSHQ,S,removal,3.4,9/8/2023,10/19/2023,N,,6/18/2024,missing,,,,,,,broken toothpick
SSHQ,S,removal,3.6,9/8/2023,10/19/2023,N,9,6/18/2024,N,,,,,,,
SSHQ,S,removal,3.8,9/8/2023,10/19/2023,Y,4,6/18/2024,N,,,,,,,
SSHQ,S,removal,4,9/8/2023,10/19/2023,N,,6/18/2024,missing,,,,,,,broken toothpick
SSHQ,S,removal,4.2,9/8/2023,10/19/2023,Y,3,6/18/2024,Y,1,0.001,0,,0,,
SSHQ,S,removal,4.4,9/8/2023,10/19/2023,N,4,6/18/2024,N,,,,,,,
SSHQ,S,removal,4.6,9/8/2023,10/19/2023,Y,0,6/18/2024,Y,0,0.002,,Y,,,
SSHQ,S,removal,4.8,9/8/2023,10/19/2023,Y,7,6/18/2024,N,,,,,,,
SSHQ,S,removal,5,9/8/2023,10/19/2023,Y,13,6/18/2024,Y,1,0.004,0,,1,,
SSHQ,S,removal,5.2,9/8/2023,10/19/2023,Y,,6/18/2024,missing,,,,,,,broken toothpick
SSHQ,S,removal,5.4,9/8/2023,10/19/2023,Y,1,6/18/2024,N,,,,,,,broken toothpick
SSHQ,S,removal,5.6,9/8/2023,10/19/2023,Y,4,6/18/2024,N,,,,,,,
SSHQ,S,removal,5.8,9/8/2023,10/19/2023,Y,3,6/18/2024,Y,2,0,0,,1,,
SSHQ,S,removal,6,9/8/2023,10/19/2023,N,,6/18/2024,missing,,,,,,,
SSHQ,S,removal,6.2,9/8/2023,10/19/2023,Y,14,6/18/2024,Y,4,0.005,0.005,,0,,
SSHQ,S,removal,6.4,9/8/2023,10/19/2023,N,17,6/18/2024,N,,,,,,,
SSHQ,S,removal,6.6,9/8/2023,10/19/2023,Y,11,6/18/2024,Y,4,0.005,0.005,,0,,
SSHQ,S,removal,6.8,9/8/2023,10/19/2023,Y,14,6/18/2024,Y,3,0.004,0.007,,0,,
SSHQ,S,removal,7,9/8/2023,10/19/2023,N,,6/18/2024,missing,,,,,,,couldn't find
SSHQ,W,control,0.2,9/8/2023,10/19/2023,N,1,6/18/2024,N,,,,,,,
SSHQ,W,control,0.4,9/8/2023,10/19/2023,Y,9,6/18/2024,Y,1,0.004,0.001,,0,,
SSHQ,W,control,0.6,9/8/2023,10/19/2023,N,2,6/18/2024,N,,,,,,,
SSHQ,W,control,0.8,9/8/2023,10/19/2023,N,1,6/18/2024,N,,,,,,,
SSHQ,W,control,1,9/8/2023,10/19/2023,Y,6,6/18/2024,Y,1,0.003,0,,1,,
SSHQ,W,control,1.2,9/8/2023,10/19/2023,Y,5,6/18/2024,Y,3,0.008,0.006,,1,,
SSHQ,W,control,1.4,9/8/2023,10/19/2023,Y,16,6/18/2024,N,,,,,,,
SSHQ,W,control,1.6,9/8/2023,10/19/2023,Y,3,6/18/2024,N,,,,,,,
SSHQ,W,control,1.8,9/8/2023,10/19/2023,N,0,6/18/2024,N,,,,,,,
SSHQ,W,control,2,9/8/2023,10/19/2023,N,,6/18/2024,missing,,,,,,,
SSHQ,W,control,2.2,9/8/2023,10/19/2023,Y,1,6/18/2024,Y,1,0.004,0,,0,,
SSHQ,W,control,2.4,9/8/2023,10/19/2023,Y,5,6/18/2024,Y,2,0.005,0.003,,1,,
SSHQ,W,control,2.6,9/8/2023,10/19/2023,Y,7,6/18/2024,Y,2,0.003,0.002,Y,0,2,
SSHQ,W,control,2.8,9/8/2023,10/19/2023,N,4,6/18/2024,N,,,,,,,
SSHQ,W,control,3,9/8/2023,10/19/2023,Y,3,6/18/2024,Y,1,0.005,0,,1,,
SSHQ,W,control,3.2,9/8/2023,10/19/2023,Y,2,6/18/2024,Y,1,0.003,0,,1,,
SSHQ,W,control,3.4,9/8/2023,10/19/2023,N,,6/18/2024,missing,,,,,,,
SSHQ,W,control,3.6,9/8/2023,10/19/2023,N,3,6/18/2024,N,,,,,,,
SSHQ,W,control,3.8,9/8/2023,10/19/2023,Y,3,6/18/2024,Y,,,,Y,,,
SSHQ,W,control,4,9/8/2023,10/19/2023,Y,9,6/18/2024,Y,0,0.006,,,,,
SSHQ,W,control,4.2,9/8/2023,10/19/2023,N,1,6/18/2024,N,,,,,,,
SSHQ,W,control,4.4,9/8/2023,10/19/2023,N,2,6/18/2024,Y,2,0.001,0.002,,0,,
SSHQ,W,control,4.6,9/8/2023,10/19/2023,Y,2,6/18/2024,N,,,,,,,
SSHQ,W,control,4.8,9/8/2023,10/19/2023,Y,8,6/18/2024,Y,1,0,0,Y,0,,
SSHQ,W,control,5,9/8/2023,10/19/2023,Y,3,6/18/2024,Y,1,0.002,0.001,,0,,
SSHQ,W,control,5.2,9/8/2023,10/19/2023,N,6,6/18/2024,N,,,,,,,
SSHQ,W,control,5.4,9/8/2023,10/19/2023,N,3,6/18/2024,N,,,,,,,
SSHQ,W,control,5.6,9/8/2023,10/19/2023,N,2,6/18/2024,N,,,,,,,
SSHQ,W,control,5.8,9/8/2023,10/19/2023,N,6,6/18/2024,N,,,,,,,
SSHQ,W,control,6,9/8/2023,10/19/2023,Y,5,6/18/2024,Y,2,0.001,0.001,,0,,
SSHQ,W,control,6.2,9/8/2023,10/19/2023,N,12,6/18/2024,N,,,,,,,
SSHQ,W,control,6.4,9/8/2023,10/19/2023,Y,7,6/18/2024,N,,,,,,,
SSHQ,W,control,6.6,9/8/2023,10/19/2023,Y,7,6/18/2024,Y,2,0.004,0.001,,0,,
SSHQ,W,control,6.8,9/8/2023,10/19/2023,N,4,6/18/2024,N,,,,,,,
SSHQ,W,control,7,9/8/2023,10/19/2023,Y,3,6/18/2024,Y,3,0,0,,2,,
SSHQ,W,control,7.2,9/8/2023,10/19/2023,,,6/18/2024,missing,,,,,,,couldn't find
SSHQ,W,control,7.4,9/8/2023,10/19/2023,,,6/18/2024,missing,,,,,,,couldn't find
SSHQ,W,control,7.6,9/8/2023,10/19/2023,,,6/18/2024,missing,,,,,,,couldn't find
SSHQ,W,control,7.8,9/8/2023,10/19/2023,,,6/18/2024,missing,,,,,,,couldn't find
SSHQ,W,control,8,9/8/2023,10/19/2023,N,1,6/18/2024,N,,,,,,,
SSHQ,W,control,8.2,9/8/2023,10/19/2023,Y,11,6/18/2024,Y,16,0.038,0.044,,1,,
SSHQ,W,control,8.4,9/8/2023,10/19/2023,Y,16,6/18/2024,Y,3,0.005,0.003,Y,0,,
SSHQ,W,control,8.6,9/8/2023,10/19/2023,N,6,6/18/2024,N,,,,,,,
SSHQ,W,control,8.8,9/8/2023,10/19/2023,Y,11,6/18/2024,N,,,,,,,
SSHQ,W,control,9,9/8/2023,10/19/2023,Y,14,6/18/2024,N,,,,,,,
SSHQ,W,control,9.2,9/8/2023,10/19/2023,N,24,6/18/2024,N,,,,,,,
SSHQ,W,control,9.4,9/8/2023,10/19/2023,Y,33,6/18/2024,N,,,,,,,
SSHQ,W,control,9.6,9/8/2023,10/19/2023,Y,29,6/18/2024,Y,1,0.008,0,Y,0,,
SSHQ,W,control,9.8,9/8/2023,10/19/2023,Y,16,6/18/2024,Y,1,0.002,0,,1,1,
SSHQ,W,control,10,9/8/2023,10/19/2023,Y,17,6/18/2024,N,,,,,,,
SSHigh,N,control,0.2,9/8/2023,10/19/2023,N,0,7/1/2024,N,,,,,,,
SSHigh,N,control,0.4,9/8/2023,10/19/2023,Y,0,7/1/2024,N,,,,,,,
SSHigh,N,control,0.6,9/8/2023,10/19/2023,Y,0,7/1/2024,N,,,,,,,
SSHigh,N,control,0.8,9/8/2023,10/19/2023,Y,0,7/1/2024,N,,,,,,,
SSHigh,N,control,1,9/8/2023,10/19/2023,Y,0,7/1/2024,N,,,,,,,
SSHigh,N,control,1.2,9/8/2023,10/19/2023,N,0,7/1/2024,N,,,,,,,
SSHigh,N,control,1.4,9/8/2023,10/19/2023,N,,7/1/2024,missing,,,,,,,
SSHigh,N,control,1.6,9/8/2023,10/19/2023,N,,7/1/2024,missing,,,,,,,
SSHigh,N,control,1.8,9/8/2023,10/19/2023,Y,0,7/1/2024,N,,,,,,,
SSHigh,N,control,2,9/8/2023,10/19/2023,N,0,7/1/2024,N,,,,,,,
SSHigh,N,control,2.2,9/8/2023,10/19/2023,N,0,7/1/2024,N,,,,,,,
SSHigh,N,control,2.4,9/8/2023,10/19/2023,Y,0,7/1/2024,N,,,,,,,
SSHigh,N,control,2.6,9/8/2023,10/19/2023,N,0,7/1/2024,N,,,,,,,
SSHigh,N,control,2.8,9/8/2023,10/19/2023,Y,0,7/1/2024,N,,,,,,,
SSHigh,N,control,3,9/8/2023,10/19/2023,N,0,7/1/2024,N,,,,,,,
SSHigh,N,control,3.2,9/8/2023,10/19/2023,N,0,7/1/2024,N,,,,,,,
SSHigh,N,control,3.4,9/8/2023,10/19/2023,Y,0,7/1/2024,N,,,,,,,
SSHigh,N,control,3.6,9/8/2023,10/19/2023,Y,0,7/1/2024,N,,,,,,,
SSHigh,N,control,3.8,9/8/2023,10/19/2023,Y,0,7/1/2024,N,,,,,,,
SSHigh,N,control,4,9/8/2023,10/19/2023,N,0,7/1/2024,N,,,,,,,
SSHigh,N,control,4.2,9/8/2023,10/19/2023,N,0,7/1/2024,N,,,,,,,
SSHigh,N,control,4.4,9/8/2023,10/19/2023,N,0,7/1/2024,N,,,,,,,
SSHigh,N,control,4.6,9/8/2023,10/19/2023,Y,0,7/1/2024,Y,1,0.004,0.001,,1,,
SSHigh,N,control,4.8,9/8/2023,10/19/2023,Y,0,7/1/2024,N,,,,,,,
SSHigh,N,control,5,9/8/2023,10/19/2023,N,0,7/1/2024,N,,,,,,,
SSHigh,N,control,5.2,9/8/2023,10/19/2023,Y,0,7/1/2024,N,,,,,,,
SSHigh,N,control,5.4,9/8/2023,10/19/2023,Y,0,7/1/2024,N,,,,,,,
SSHigh,N,control,5.6,9/8/2023,10/19/2023,Y,0,7/1/2024,N,,,,,,,
SSHigh,N,control,5.8,9/8/2023,10/19/2023,Y,0,7/1/2024,N,,,,,,,
SSHigh,N,control,6,9/8/2023,10/19/2023,Y,0,7/1/2024,N,,,,,,,
SSHigh,N,control,6.2,9/8/2023,10/19/2023,Y,0,7/1/2024,N,,,,,,,
SSHigh,N,control,6.4,9/8/2023,10/19/2023,N,,7/1/2024,missing,,,,,,,
SSHigh,N,control,6.6,9/8/2023,10/19/2023,N,0,7/1/2024,N,,,,,,,
SSHigh,N,control,6.8,9/8/2023,10/19/2023,Y,0,7/1/2024,N,,,,,,,
SSHigh,N,control,7,9/8/2023,10/19/2023,N,0,7/1/2024,N,,,,,,,
SSHigh,N,control,7.2,9/8/2023,10/19/2023,Y,0,7/1/2024,N,,,,,,,
SSHigh,N,control,7.4,9/8/2023,10/19/2023,Y,0,7/1/2024,N,,,,,,,
SSHigh,N,control,7.6,9/8/2023,10/19/2023,Y,0,7/1/2024,N,,,,,,,
SSHigh,N,control,7.8,9/8/2023,10/19/2023,Y,0,7/1/2024,N,,,,,,,
SSHigh,N,control,8,9/8/2023,10/19/2023,Y,0,7/1/2024,N,,,,,,,
SSHigh,N,control,8.2,9/8/2023,10/19/2023,N,0,7/1/2024,N,,,,,,,
SSHigh,N,control,8.4,9/8/2023,10/19/2023,Y,0,7/1/2024,N,,,,,,,
SSHigh,N,control,8.6,9/8/2023,10/19/2023,Y,0,7/1/2024,Y,1,0.002,0,,1,,
SSHigh,N,control,8.8,9/8/2023,10/19/2023,N,0,7/1/2024,N,,,,,,,
SSHigh,N,control,9,9/8/2023,10/19/2023,Y,0,7/1/2024,N,,,,,,,
SSHigh,N,control,9.2,9/8/2023,10/19/2023,Y,0,7/1/2024,N,,,,,,,
SSHigh,N,control,9.4,9/8/2023,10/19/2023,N,0,7/1/2024,N,,,,,,,
SSHigh,N,control,9.6,9/8/2023,10/19/2023,N,0,7/1/2024,N,,,,,,,
SSHigh,N,control,9.8,9/8/2023,10/19/2023,Y,0,7/1/2024,N,,,,,,,
SSHigh,N,control,10,9/8/2023,10/19/2023,N,0,7/1/2024,N,,,,,,,
SSHigh,E,removal,2.2,9/8/2023,10/19/2023,N,0,7/1/2024,N,,,,,,,
SSHigh,E,removal,2.4,9/8/2023,10/19/2023,N,0,7/1/2024,N,,,,,,,
SSHigh,E,removal,2.6,9/8/2023,10/19/2023,N,0,7/1/2024,Y,1,0.004,0,,1,,
SSHigh,E,removal,2.8,9/8/2023,10/19/2023,Y,0,7/1/2024,N,,,,,,,
SSHigh,E,removal,3,9/8/2023,10/19/2023,Y,0,7/1/2024,N,,,,,,,
SSHigh,E,removal,3.2,9/8/2023,10/19/2023,Y,0,7/1/2024,N,,,,,,,
SSHigh,E,removal,3.4,9/8/2023,10/19/2023,Y,0,7/1/2024,N,,,,,,,
SSHigh,E,removal,3.6,9/8/2023,10/19/2023,N,0,7/1/2024,N,,,,,,,
SSHigh,E,removal,3.8,9/8/2023,10/19/2023,Y,0,7/1/2024,Y,5,0.009,0.008,,2,,
SSHigh,E,removal,4,9/8/2023,10/19/2023,Y,0,7/1/2024,N,,,,,,,
SSHigh,E,removal,4.2,9/8/2023,10/19/2023,Y,0,7/1/2024,N,,,,,,,
SSHigh,E,removal,4.4,9/8/2023,10/19/2023,Y,0,7/1/2024,Y,4,0.009,0.005,Y,2,,
SSHigh,E,removal,4.6,9/8/2023,10/19/2023,Y,0,7/1/2024,Y,4,0.007,0.004,,3,,
SSHigh,E,removal,4.8,9/8/2023,10/19/2023,Y,0,7/1/2024,N,,,,,,,
SSHigh,E,removal,5,9/8/2023,10/19/2023,N,0,7/1/2024,N,,,,,,,
SSHigh,E,removal,5.2,9/8/2023,10/19/2023,Y,0,7/1/2024,N,,,,,,,
SSHigh,E,removal,5.4,9/8/2023,10/19/2023,Y,0,7/1/2024,N,,,,,,,
SSHigh,E,removal,5.6,9/8/2023,10/19/2023,Y,0,7/1/2024,N,,,,,,,
SSHigh,E,removal,5.8,9/8/2023,10/19/2023,Y,0,7/1/2024,N,,,,,,,
SSHigh,E,removal,6,9/8/2023,10/19/2023,Y,0,7/1/2024,N,,,,,,,
SSHigh,E,removal,6.2,9/8/2023,10/19/2023,Y,0,7/1/2024,N,,,,,,,
SSHigh,E,removal,6.4,9/8/2023,10/19/2023,Y,0,7/1/2024,N,,,,,,,
SSHigh,E,removal,6.6,9/8/2023,10/19/2023,N,0,7/1/2024,N,,,,,,,
SSHigh,E,removal,6.8,9/8/2023,10/19/2023,Y,0,7/1/2024,Y,2,0.013,0.004,Y,0,,
SSHigh,E,removal,7,9/8/2023,10/19/2023,Y,0,7/1/2024,Y,4,0.019,0.011,Y,0,,2 glumes dropped
SSHigh,S,removal,2.2,9/8/2023,10/19/2023,N,0,7/1/2024,N,,,,,,,
SSHigh,S,removal,2.4,9/8/2023,10/19/2023,Y,0,7/1/2024,N,,,,,,,
SSHigh,S,removal,2.6,9/8/2023,10/19/2023,N,0,7/1/2024,N,,,,,,,
SSHigh,S,removal,2.8,9/8/2023,10/19/2023,Y,0,7/1/2024,N,,,,,,,
SSHigh,S,removal,3,9/8/2023,10/19/2023,Y,0,7/1/2024,Y,13,0.035,0.021,,11,,
SSHigh,S,removal,3.2,9/8/2023,10/19/2023,N,0,7/1/2024,N,,,,,,,
SSHigh,S,removal,3.4,9/8/2023,10/19/2023,N,0,7/1/2024,Y,6,0.013,0.012,,2,,
SSHigh,S,removal,3.6,9/8/2023,10/19/2023,N,0,7/1/2024,N,,,,,,,
SSHigh,S,removal,3.8,9/8/2023,10/19/2023,N,0,7/1/2024,N,,,,,,,
SSHigh,S,removal,4,9/8/2023,10/19/2023,Y,0,7/1/2024,N,,,,,,,
SSHigh,S,removal,4.2,9/8/2023,10/19/2023,Y,0,7/1/2024,Y,4,0.008,0.005,,2,,
SSHigh,S,removal,4.4,9/8/2023,10/19/2023,N,,7/1/2024,missing,,,,,,,
SSHigh,S,removal,4.6,9/8/2023,10/19/2023,N,,7/1/2024,missing,,,,,,,
SSHigh,S,removal,4.8,9/8/2023,10/19/2023,Y,0,7/1/2024,N,,,,,,,
SSHigh,S,removal,5,9/8/2023,10/19/2023,Y,0,7/1/2024,Y,0,0.004,0,Y,,,
SSHigh,S,removal,5.2,9/8/2023,10/19/2023,N,0,7/1/2024,N,,,,,,,
SSHigh,S,removal,5.4,9/8/2023,10/19/2023,N,0,7/1/2024,N,,,,,,,
SSHigh,S,removal,5.6,9/8/2023,10/19/2023,N,,7/1/2024,missing,,,,,,,
SSHigh,S,removal,5.8,9/8/2023,10/19/2023,N,0,7/1/2024,N,,,,,,,
SSHigh,S,removal,6,9/8/2023,10/19/2023,Y,0,7/1/2024,N,,,,,,,
SSHigh,S,removal,6.2,9/8/2023,10/19/2023,Y,0,7/1/2024,Y,5,0.011,0.006,,5,,
SSHigh,S,removal,6.4,9/8/2023,10/19/2023,N,0,7/1/2024,N,,,,,,,
SSHigh,S,removal,6.6,9/8/2023,10/19/2023,Y,0,7/1/2024,Y,4,0.013,0.008,,3,,
SSHigh,S,removal,6.8,9/8/2023,10/19/2023,Y,0,7/1/2024,N,,,,,,,
SSHigh,S,removal,7,9/8/2023,10/19/2023,N,,7/1/2024,missing,,,,,,,
SSHigh,W,control,0.2,9/8/2023,10/19/2023,Y,0,7/1/2024,N,,,,,,,
SSHigh,W,control,0.4,9/8/2023,10/19/2023,Y,0,7/1/2024,N,,,,,,,
SSHigh,W,control,0.6,9/8/2023,10/19/2023,Y,0,7/1/2024,N,,,,,,,
SSHigh,W,control,0.8,9/8/2023,10/19/2023,N,0,7/1/2024,N,,,,,,,
SSHigh,W,control,1,9/8/2023,10/19/2023,Y,0,7/1/2024,N,,,,,,,
SSHigh,W,control,1.2,9/8/2023,10/19/2023,N,0,7/1/2024,N,,,,,,,
SSHigh,W,control,1.4,9/8/2023,10/19/2023,Y,0,7/1/2024,N,,,,,,,
SSHigh,W,control,1.6,9/8/2023,10/19/2023,Y,0,7/1/2024,N,,,,,,,
SSHigh,W,control,1.8,9/8/2023,10/19/2023,Y,0,7/1/2024,N,,,,,,,
SSHigh,W,control,2,9/8/2023,10/19/2023,Y,0,7/1/2024,N,,,,,,,
SSHigh,W,control,2.2,9/8/2023,10/19/2023,Y,0,7/1/2024,N,,,,,,,
SSHigh,W,control,2.4,9/8/2023,10/19/2023,N,0,7/1/2024,N,,,,,,,
SSHigh,W,control,2.6,9/8/2023,10/19/2023,Y,0,7/1/2024,N,,,,,,,
SSHigh,W,control,2.8,9/8/2023,10/19/2023,N,0,7/1/2024,N,,,,,,,
SSHigh,W,control,3,9/8/2023,10/19/2023,N,0,7/1/2024,N,,,,,,,
SSHigh,W,control,3.2,9/8/2023,10/19/2023,N,0,7/1/2024,N,,,,,,,
SSHigh,W,control,3.4,9/8/2023,10/19/2023,Y,0,7/1/2024,N,,,,,,,
SSHigh,W,control,3.6,9/8/2023,10/19/2023,N,0,7/1/2024,N,,,,,,,
SSHigh,W,control,3.8,9/8/2023,10/19/2023,Y,0,7/1/2024,N,,,,,,,
SSHigh,W,control,4,9/8/2023,10/19/2023,N,0,7/1/2024,N,,,,,,,
SSHigh,W,control,4.2,9/8/2023,10/19/2023,Y,0,7/1/2024,N,,,,,,,
SSHigh,W,control,4.4,9/8/2023,10/19/2023,Y,0,7/1/2024,N,,,,,,,
SSHigh,W,control,4.6,9/8/2023,10/19/2023,Y,0,7/1/2024,N,,,,,,,
SSHigh,W,control,4.8,9/8/2023,10/19/2023,Y,0,7/1/2024,N,,,,,,,
SSHigh,W,control,5,9/8/2023,10/19/2023,Y,0,7/1/2024,N,,,,,,,
SSHigh,W,control,5.2,9/8/2023,10/19/2023,Y,0,7/1/2024,N,,,,,,,
SSHigh,W,control,5.4,9/8/2023,10/19/2023,Y,0,7/1/2024,N,,,,,,,
SSHigh,W,control,5.6,9/8/2023,10/19/2023,Y,0,7/1/2024,N,,,,,,,
SSHigh,W,control,5.8,9/8/2023,10/19/2023,,,7/1/2024,missing,,,,,,,couldn't find
SSHigh,W,control,6,9/8/2023,10/19/2023,N,0,7/1/2024,N,,,,,,,
SSHigh,W,control,6.2,9/8/2023,10/19/2023,N,0,7/1/2024,N,,,,,,,
SSHigh,W,control,6.4,9/8/2023,10/19/2023,N,0,7/1/2024,N,,,,,,,
SSHigh,W,control,6.6,9/8/2023,10/19/2023,N,0,7/1/2024,N,,,,,,,
SSHigh,W,control,6.8,9/8/2023,10/19/2023,Y,0,7/1/2024,N,,,,,,,
SSHigh,W,control,7,9/8/2023,10/19/2023,N,0,7/1/2024,N,,,,,,,
SSHigh,W,control,7.2,9/8/2023,10/19/2023,N,0,7/1/2024,N,,,,,,,
SSHigh,W,control,7.4,9/8/2023,10/19/2023,Y,0,7/1/2024,N,,,,,,,
SSHigh,W,control,7.6,9/8/2023,10/19/2023,Y,0,7/1/2024,N,,,,,,,
SSHigh,W,control,7.8,9/8/2023,10/19/2023,N,0,7/1/2024,N,,,,,,,
SSHigh,W,control,8,9/8/2023,10/19/2023,Y,0,7/1/2024,N,,,,,,,
SSHigh,W,control,8.2,9/8/2023,10/19/2023,Y,0,7/1/2024,N,,,,,,,
SSHigh,W,control,8.4,9/8/2023,10/19/2023,Y,0,7/1/2024,N,,,,,,,
SSHigh,W,control,8.6,9/8/2023,10/19/2023,Y,0,7/1/2024,N,,,,,,,
SSHigh,W,control,8.8,9/8/2023,10/19/2023,Y,0,7/1/2024,N,,,,,,,
SSHigh,W,control,9,9/8/2023,10/19/2023,Y,0,7/1/2024,N,,,,,,,
SSHigh,W,control,9.2,9/8/2023,10/19/2023,Y,0,7/1/2024,N,,,,,,,
SSHigh,W,control,9.4,9/8/2023,10/19/2023,N,0,7/1/2024,N,,,,,,,
SSHigh,W,control,9.6,9/8/2023,10/19/2023,N,0,7/1/2024,N,,,,,,,
SSHigh,W,control,9.8,9/8/2023,10/19/2023,N,0,7/1/2024,N,,,,,,,
SSHigh,W,control,10,9/8/2023,10/19/2023,N,0,7/1/2024,N,,,,,,,
GoeblS1,W,control,0.2,12/7/2023,4/3/2024,N,,7/30/2024,,,,,,,,
GoeblS1,W,control,0.4,12/7/2023,4/3/2024,N,,7/30/2024,,,,,,,,
GoeblS1,W,control,0.6,12/7/2023,4/3/2024,Y,NA,7/30/2024,N,,,,,,,
GoeblS1,W,control,0.8,12/7/2023,4/3/2024,N,,7/30/2024,,,,,,,,
GoeblS1,W,control,1,12/7/2023,4/3/2024,N,,7/30/2024,,,,,,,,
GoeblS1,W,control,1.2,12/7/2023,4/3/2024,N,,7/30/2024,,,,,,,,
GoeblS1,W,control,1.4,12/7/2023,4/3/2024,N,,7/30/2024,,,,,,,,
GoeblS1,W,control,1.6,12/7/2023,4/3/2024,N,,7/30/2024,,,,,,,,
GoeblS1,W,control,1.8,12/7/2023,4/3/2024,N,,7/30/2024,,,,,,,,
GoeblS1,W,control,2,12/7/2023,4/3/2024,N,,7/30/2024,,,,,,,,
GoeblS1,W,control,2.2,12/7/2023,4/3/2024,N,,7/30/2024,,,,,,,,
GoeblS1,W,control,2.4,12/7/2023,4/3/2024,N,,7/30/2024,,,,,,,,
GoeblS1,W,control,2.6,12/7/2023,4/3/2024,N,,7/30/2024,,,,,,,,
GoeblS1,W,control,2.8,12/7/2023,4/3/2024,Y,NA,7/30/2024,N,,,,,,,
GoeblS1,W,control,3,12/7/2023,4/3/2024,N,,7/30/2024,,,,,,,,
GoeblS1,W,control,3.2,12/7/2023,4/3/2024,N,,7/30/2024,,,,,,,,
GoeblS1,W,control,3.4,12/7/2023,4/3/2024,N,,7/30/2024,,,,,,,,
GoeblS1,W,control,3.6,12/7/2023,4/3/2024,N,,7/30/2024,,,,,,,,
GoeblS1,W,control,3.8,12/7/2023,4/3/2024,N,,7/30/2024,,,,,,,,
GoeblS1,W,control,4,12/7/2023,4/3/2024,N,,7/30/2024,,,,,,,,
GoeblS1,W,control,4.2,12/7/2023,4/3/2024,N,,7/30/2024,,,,,,,,
GoeblS1,W,control,4.4,12/7/2023,4/3/2024,Y,NA,7/30/2024,N,,,,,,,
GoeblS1,W,control,4.6,12/7/2023,4/3/2024,N,,7/30/2024,,,,,,,,
GoeblS1,W,control,4.8,12/7/2023,4/3/2024,missing,,7/30/2024,,,,,,,,
GoeblS1,W,control,5,12/7/2023,4/3/2024,N,,7/30/2024,,,,,,,,
GoeblS1,W,control,5.2,12/7/2023,4/3/2024,N,,7/30/2024,,,,,,,,
GoeblS1,W,control,5.4,12/7/2023,4/3/2024,Y,NA,7/30/2024,,,,,,,,
GoeblS1,W,control,5.6,12/7/2023,4/3/2024,N,,7/30/2024,,,,,,,,
GoeblS1,W,control,5.8,12/7/2023,4/3/2024,Y,NA,7/30/2024,Y,0,0.0017,,Y,,,
GoeblS1,W,control,6,12/7/2023,4/3/2024,N,,7/30/2024,,,,,,,,
GoeblS1,W,control,6.2,12/7/2023,4/3/2024,N,,7/30/2024,,,,,,,,
GoeblS1,W,control,6.4,12/7/2023,4/3/2024,N,,7/30/2024,,,,,,,,
GoeblS1,W,control,6.6,12/7/2023,4/3/2024,Y,NA,7/30/2024,N,,,,,,,
GoeblS1,W,control,6.8,12/7/2023,4/3/2024,N,,7/30/2024,,,,,,,,
GoeblS1,W,control,7,12/7/2023,4/3/2024,N,,7/30/2024,,,,,,,,
GoeblS1,W,control,7.2,12/7/2023,4/3/2024,N,,7/30/2024,,,,,,,,
GoeblS1,W,control,7.4,12/7/2023,4/3/2024,N,,7/30/2024,,,,,,,,
GoeblS1,W,control,7.6,12/7/2023,4/3/2024,N,,7/30/2024,,,,,,,,
GoeblS1,W,control,7.8,12/7/2023,4/3/2024,N,,7/30/2024,,,,,,,,
GoeblS1,W,control,8,12/7/2023,4/3/2024,N,,7/30/2024,,,,,,,,
GoeblS1,W,control,8.2,12/7/2023,4/3/2024,Y,NA,7/30/2024,N,,,,,,,
GoeblS1,W,control,8.4,12/7/2023,4/3/2024,N,,7/30/2024,,,,,,,,
GoeblS1,W,control,8.6,12/7/2023,4/3/2024,Y,NA,7/30/2024,N,,,,,,,
GoeblS1,W,control,8.8,12/7/2023,4/3/2024,N,,7/30/2024,,,,,,,,
GoeblS1,W,control,9,12/7/2023,4/3/2024,N,,7/30/2024,,,,,,,,
GoeblS1,W,control,9.2,12/7/2023,4/3/2024,Y,NA,7/30/2024,N,,,,,,,
GoeblS1,W,control,9.4,12/7/2023,4/3/2024,Y,NA,7/30/2024,N,,,,,,,
GoeblS1,W,control,9.6,12/7/2023,4/3/2024,Y,NA,7/30/2024,N,,,,,,,
GoeblS1,W,control,9.8,12/7/2023,4/3/2024,Y,,7/30/2024,N,,,,,,,
GoeblS1,W,control,10,12/7/2023,4/3/2024,Y,NA,7/30/2024,N,,,,,,,
GoeblS1,S,removal,2.2,12/7/2023,4/3/2024,N,,7/30/2024,,,,,,,,
GoeblS1,S,removal,2.4,12/7/2023,4/3/2024,N,,7/30/2024,,,,,,,,
GoeblS1,S,removal,2.6,12/7/2023,4/3/2024,N,,7/30/2024,,,,,,,,
GoeblS1,S,removal,2.8,12/7/2023,4/3/2024,N,,7/30/2024,,,,,,,,
GoeblS1,S,removal,3,12/7/2023,4/3/2024,N,,7/30/2024,,,,,,,,
GoeblS1,S,removal,3.2,12/7/2023,4/3/2024,N,,7/30/2024,,,,,,,,
GoeblS1,S,removal,3.4,12/7/2023,4/3/2024,N,,7/30/2024,,,,,,,,
GoeblS1,S,removal,3.6,12/7/2023,4/3/2024,missing,,7/30/2024,,,,,,,,
GoeblS1,S,removal,3.8,12/7/2023,4/3/2024,missing,,7/30/2024,,,,,,,,
GoeblS1,S,removal,4,12/7/2023,4/3/2024,N,,7/30/2024,,,,,,,,
GoeblS1,S,removal,4.2,12/7/2023,4/3/2024,N,,7/30/2024,,,,,,,,
GoeblS1,S,removal,4.4,12/7/2023,4/3/2024,missing,,7/30/2024,,,,,,,,
GoeblS1,S,removal,4.6,12/7/2023,4/3/2024,N,,7/30/2024,,,,,,,,
GoeblS1,S,removal,4.8,12/7/2023,4/3/2024,N,,7/30/2024,,,,,,,,
GoeblS1,S,removal,5,12/7/2023,4/3/2024,N,,7/30/2024,,,,,,,,
GoeblS1,S,removal,5.2,12/7/2023,4/3/2024,N,,7/30/2024,,,,,,,,
GoeblS1,S,removal,5.4,12/7/2023,4/3/2024,N,,7/30/2024,,,,,,,,
GoeblS1,S,removal,5.6,12/7/2023,4/3/2024,N,,7/30/2024,,,,,,,,
GoeblS1,S,removal,5.8,12/7/2023,4/3/2024,N,,7/30/2024,,,,,,,,
GoeblS1,S,removal,6,12/7/2023,4/3/2024,N,,7/30/2024,,,,,,,,
GoeblS1,S,removal,6.2,12/7/2023,4/3/2024,N,,7/30/2024,,,,,,,,
GoeblS1,S,removal,6.4,12/7/2023,4/3/2024,N,,7/30/2024,,,,,,,,
GoeblS1,S,removal,6.6,12/7/2023,4/3/2024,Y,NA,7/30/2024,N,,,,,,,
GoeblS1,S,removal,6.8,12/7/2023,4/3/2024,N,,7/30/2024,,,,,,,,
GoeblS1,S,removal,7,12/7/2023,4/3/2024,N,,7/30/2024,,,,,,,,
GoeblS1,E,removal,2.2,12/7/2023,4/3/2024,N,,7/30/2024,,,,,,,,
GoeblS1,E,removal,2.4,12/7/2023,4/3/2024,N,,7/30/2024,,,,,,,,
GoeblS1,E,removal,2.6,12/7/2023,4/3/2024,N,0,7/30/2024,Y,1,0.0145,0.0026,Y,1,,
GoeblS1,E,removal,2.8,12/7/2023,4/3/2024,missing,,7/30/2024,,,,,,,,
GoeblS1,E,removal,3,12/7/2023,4/3/2024,N,,7/30/2024,,,,,,,,
GoeblS1,E,removal,3.2,12/7/2023,4/3/2024,N,,7/30/2024,,,,,,,,
GoeblS1,E,removal,3.4,12/7/2023,4/3/2024,N,,7/30/2024,,,,,,,,
GoeblS1,E,removal,3.6,12/7/2023,4/3/2024,N,,7/30/2024,,,,,,,,
GoeblS1,E,removal,3.8,12/7/2023,4/3/2024,N,,7/30/2024,,,,,,,,
GoeblS1,E,removal,4,12/7/2023,4/3/2024,N,,7/30/2024,,,,,,,,
GoeblS1,E,removal,4.2,12/7/2023,4/3/2024,N,,7/30/2024,,,,,,,,
GoeblS1,E,removal,4.4,12/7/2023,4/3/2024,N,,7/30/2024,,,,,,,,
GoeblS1,E,removal,4.6,12/7/2023,4/3/2024,N,,7/30/2024,,,,,,,,
GoeblS1,E,removal,4.8,12/7/2023,4/3/2024,N,,7/30/2024,,,,,,,,
GoeblS1,E,removal,5,12/7/2023,4/3/2024,N,,7/30/2024,,,,,,,,
GoeblS1,E,removal,5.2,12/7/2023,4/3/2024,N,,7/30/2024,,,,,,,,
GoeblS1,E,removal,5.4,12/7/2023,4/3/2024,N,,7/30/2024,,,,,,,,
GoeblS1,E,removal,5.6,12/7/2023,4/3/2024,Y,NA,7/30/2024,Y,8,0.0646,0.008,Y,,,
GoeblS1,E,removal,5.8,12/7/2023,4/3/2024,Y,NA,7/30/2024,N,,,,,,,
GoeblS1,E,removal,6,12/7/2023,4/3/2024,N,,7/30/2024,,,,,,,,
GoeblS1,E,removal,6.2,12/7/2023,4/3/2024,N,,7/30/2024,,,,,,,,
GoeblS1,E,removal,6.4,12/7/2023,4/3/2024,N,,7/30/2024,,,,,,,,
GoeblS1,E,removal,6.6,12/7/2023,4/3/2024,N,,7/30/2024,,,,,,,,
GoeblS1,E,removal,6.8,12/7/2023,4/3/2024,N,,7/30/2024,Y,7,0.025,0.0064,Y,3,,
GoeblS1,E,removal,7,12/7/2023,4/3/2024,N,,7/30/2024,,,,,,,,
GoeblS1,N,control,0,12/7/2023,4/3/2024,N,,7/30/2024,,,,,,,,
GoeblS1,N,control,0.2,12/7/2023,4/3/2024,N,,7/30/2024,,,,,,,,
GoeblS1,N,control,0.4,12/7/2023,4/3/2024,N,,7/30/2024,,,,,,,,
GoeblS1,N,control,0.6,12/7/2023,4/3/2024,N,,7/30/2024,,,,,,,,
GoeblS1,N,control,0.8,12/7/2023,4/3/2024,N,,7/30/2024,,,,,,,,
GoeblS1,N,control,1,12/7/2023,4/3/2024,N,,7/30/2024,,,,,,,,
GoeblS1,N,control,1.2,12/7/2023,4/3/2024,N,,7/30/2024,,,,,,,,
GoeblS1,N,control,1.4,12/7/2023,4/3/2024,N,,7/30/2024,,,,,,,,
GoeblS1,N,control,1.6,12/7/2023,4/3/2024,Y,NA,7/30/2024,N,,,,,,,herbivory
GoeblS1,N,control,1.8,12/7/2023,4/3/2024,N,,7/30/2024,,,,,,,,
GoeblS1,N,control,2,12/7/2023,4/3/2024,N,,7/30/2024,,,,,,,,
GoeblS1,N,control,2.2,12/7/2023,4/3/2024,N,,7/30/2024,,,,,,,,
GoeblS1,N,control,2.4,12/7/2023,4/3/2024,N,,7/30/2024,,,,,,,,
GoeblS1,N,control,2.6,12/7/2023,4/3/2024,N,,7/30/2024,,,,,,,,
GoeblS1,N,control,2.8,12/7/2023,4/3/2024,N,,7/30/2024,,,,,,,,
GoeblS1,N,control,3,12/7/2023,4/3/2024,N,,7/30/2024,,,,,,,,
GoeblS1,N,control,3.2,12/7/2023,4/3/2024,N,,7/30/2024,,,,,,,,
GoeblS1,N,control,3.4,12/7/2023,4/3/2024,N,,7/30/2024,,,,,,,,
GoeblS1,N,control,3.6,12/7/2023,4/3/2024,N,,7/30/2024,,,,,,,,
GoeblS1,N,control,3.8,12/7/2023,4/3/2024,N,,7/30/2024,,,,,,,,
GoeblS1,N,control,4,12/7/2023,4/3/2024,N,,7/30/2024,,,,,,,,
GoeblS1,N,control,4.2,12/7/2023,4/3/2024,N,,7/30/2024,,,,,,,,
GoeblS1,N,control,4.4,12/7/2023,4/3/2024,N,,7/30/2024,,,,,,,,
GoeblS1,N,control,4.6,12/7/2023,4/3/2024,Y,,7/30/2024,N,,,,,,,
GoeblS1,N,control,4.8,12/7/2023,4/3/2024,N,,7/30/2024,,,,,,,,
GoeblS1,N,control,5,12/7/2023,4/3/2024,N,,7/30/2024,,,,,,,,
GoeblS1,N,control,5.2,12/7/2023,4/3/2024,N,,7/30/2024,,,,,,,,
GoeblS1,N,control,5.4,12/7/2023,4/3/2024,N,,7/30/2024,,,,,,,,
GoeblS1,N,control,5.6,12/7/2023,4/3/2024,N,,7/30/2024,,,,,,,,
GoeblS1,N,control,5.8,12/7/2023,4/3/2024,Y,NA,7/30/2024,N,,,,,,,
GoeblS1,N,control,6,12/7/2023,4/3/2024,N,,7/30/2024,,,,,,,,
GoeblS1,N,control,6.2,12/7/2023,4/3/2024,N,,7/30/2024,,,,,,,,
GoeblS1,N,control,6.4,12/7/2023,4/3/2024,N,,7/30/2024,,,,,,,,
GoeblS1,N,control,6.6,12/7/2023,4/3/2024,N,,7/30/2024,,,,,,,,
GoeblS1,N,control,6.8,12/7/2023,4/3/2024,N,,7/30/2024,,,,,,,,
GoeblS1,N,control,7,12/7/2023,4/3/2024,Y,NA,7/30/2024,N,,,,,,,
GoeblS1,N,control,7.2,12/7/2023,4/3/2024,Y,NA,7/30/2024,N,,,,,,,
GoeblS1,N,control,7.4,12/7/2023,4/3/2024,N,,7/30/2024,,,,,,,,
GoeblS1,N,control,7.6,12/7/2023,4/3/2024,N,,7/30/2024,,,,,,,,
GoeblS1,N,control,7.8,12/7/2023,4/3/2024,missing,,7/30/2024,,,,,,,,
GoeblS1,N,control,8,12/7/2023,4/3/2024,N,,7/30/2024,,,,,,,,
GoeblS1,N,control,8.2,12/7/2023,4/3/2024,N,,7/30/2024,,,,,,,,
GoeblS1,N,control,8.4,12/7/2023,4/3/2024,N,,7/30/2024,,,,,,,,
GoeblS1,N,control,8.6,12/7/2023,4/3/2024,N,,7/30/2024,,,,,,,,
GoeblS1,N,control,8.8,12/7/2023,4/3/2024,N,,7/30/2024,,,,,,,,
GoeblS1,N,control,9,12/7/2023,4/3/2024,N,,7/30/2024,,,,,,,,
GoeblS1,N,control,9.2,12/7/2023,4/3/2024,Y,NA,7/30/2024,N,,,,,,,
GoeblS1,N,control,9.4,12/7/2023,4/3/2024,Y,NA,7/30/2024,N,,,,,,,
GoeblS1,N,control,9.6,12/7/2023,4/3/2024,missing,,7/30/2024,,,,,,,,
GoeblS1,N,control,9.8,12/7/2023,4/3/2024,N,,7/30/2024,,,,,,,,
dino,E,control,0.4,9/31/24,6/10/2024,N,2,6/10/2024,,,,,,,,
dino,E,control,0.6,9/31/24,6/10/2024,N,0,6/10/2024,,,,,,,,
dino,E,control,0.8,9/31/24,6/10/2024,N,3,6/10/2024,,,,,,,,
dino,E,control,1,9/31/24,6/10/2024,N,0,6/10/2024,,,,,,,,
dino,E,control,1.2,9/31/24,6/10/2024,N,0,6/10/2024,,,,,,,,
dino,E,control,1.4,9/31/24,6/10/2024,N,0,6/10/2024,,,,,,,,
dino,E,control,1.6,9/31/24,6/10/2024,N,0,6/10/2024,,,,,,,,
dino,E,control,1.8,9/31/24,6/10/2024,N,2,6/10/2024,,,,,,,,
dino,E,control,2,9/31/24,6/10/2024,N,15,6/10/2024,,,,,,,,
dino,E,control,2.2,9/31/24,6/10/2024,NA,,6/10/2024,,,,,,,,
dino,E,control,2.4,9/31/24,6/10/2024,N,4,6/10/2024,,,,,,,,
dino,E,control,2.6,9/31/24,6/10/2024,N,1,6/10/2024,,,,,,,,
dino,E,control,2.8,9/31/24,6/10/2024,NA,,6/10/2024,,,,,,,,
dino,E,control,3,9/31/24,6/10/2024,N,0,6/10/2024,,,,,,,,
dino,E,control,3.2,9/31/24,6/10/2024,N,1,6/10/2024,,,,,,,,
dino,E,control,3.4,9/31/24,6/10/2024,N,4,6/10/2024,,,,,,,,
dino,E,control,3.6,9/31/24,6/10/2024,N,1,6/10/2024,,,,,,,,
dino,E,control,3.8,9/31/24,6/10/2024,N,2,6/10/2024,,,,,,,,
dino,E,control,4,9/31/24,6/10/2024,N,1,6/10/2024,,,,,,,,
dino,E,control,4.2,9/31/24,6/10/2024,N,2,6/10/2024,,,,,,,,
dino,E,control,4.4,9/31/24,6/10/2024,N,1,6/10/2024,,,,,,,,
dino,E,control,4.6,9/31/24,6/10/2024,N,2,6/10/2024,,,,,,,,
dino,E,control,4.8,9/31/24,6/10/2024,N,2,6/10/2024,,,,,,,,
dino,E,control,5,9/31/24,6/10/2024,N,1,6/10/2024,,,,,,,,
dino,E,control,5.2,9/31/24,6/10/2024,Y,2,6/10/2024,Y,3,0.0211,0.0085,N,0,0,
dino,E,control,5.4,9/31/24,6/10/2024,N,4,6/10/2024,,,,,,,,
dino,E,control,5.6,9/31/24,6/10/2024,Y,0,6/10/2024,Y,8,0.0305,0.0159,N,0,0,
dino,E,control,5.8,9/31/24,6/10/2024,Y,1,6/10/2024,Y,8,0.0137,0.0045,N,8,0,
dino,E,control,6,9/31/24,6/10/2024,N,1,6/10/2024,,,,,,,,
dino,E,control,6.2,9/31/24,6/10/2024,N,2,6/10/2024,,,,,,,,
dino,E,control,6.4,9/31/24,6/10/2024,N,3,6/10/2024,,,,,,,,
dino,E,control,6.6,9/31/24,6/10/2024,Y,0,6/10/2024,Y,5,0.0287,0.0039,Y,5,0,
dino,E,control,6.8,9/31/24,6/10/2024,N,5,6/10/2024,,,,,,,,
dino,E,control,7,9/31/24,6/10/2024,N,0,6/10/2024,,,,,,,,
dino,E,control,7.2,9/31/24,6/10/2024,NA,,6/10/2024,,,,,,,,
dino,E,control,7.4,9/31/24,6/10/2024,N,1,6/10/2024,,,,,,,,
dino,E,control,7.6,9/31/24,6/10/2024,N,3,6/10/2024,,,,,,,,
dino,E,control,7.8,9/31/24,6/10/2024,N,0,6/10/2024,,,,,,,,
dino,E,control,8,9/31/24,6/10/2024,N,0,6/10/2024,,,,,,,,
dino,E,control,8.2,9/31/24,6/10/2024,N,0,6/10/2024,,,,,,,,
dino,E,control,8.4,9/31/24,6/10/2024,NA,,6/10/2024,,,,,,,,
dino,E,control,8.6,9/31/24,6/10/2024,N,0,6/10/2024,,,,,,,,
dino,E,control,8.8,9/31/24,6/10/2024,N,0,6/10/2024,,,,,,,,
dino,E,control,9,9/31/24,6/10/2024,N,0,6/10/2024,,,,,,,,
dino,E,control,9.2,9/31/24,6/10/2024,N,0,6/10/2024,,,,,,,,
dino,E,control,9.4,9/31/24,6/10/2024,N,1,6/10/2024,,,,,,,,
dino,E,control,9.6,9/31/24,6/10/2024,N,0,6/10/2024,,,,,,,,
dino,E,control,9.8,9/31/24,6/10/2024,N,0,6/10/2024,,,,,,,,
dino,E,control,10,9/31/24,6/10/2024,Y,0,6/10/2024,Y,6,0.0111,0.0038,N,5,0,
dino,S,removal,2.1,9/31/24,6/10/2024,N,0,6/10/2024,,,,,,,,
dino,S,removal,2.3,9/31/24,6/10/2024,Y,2,6/10/2024,Y,121,0.116,0.0715,N,80,0,
dino,S,removal,2.5,9/31/24,6/10/2024,N,0,6/10/2024,,,,,,,,
dino,S,removal,2.7,9/31/24,6/10/2024,Y,0,6/10/2024,Y,59,0.0848,0.0495,Y,36,0,
dino,S,removal,2.9,9/31/24,6/10/2024,N,1,6/10/2024,,,,,,,,
dino,S,removal,3.1,9/31/24,6/10/2024,N,0,6/10/2024,,,,,,,,
dino,S,removal,3.3,9/31/24,6/10/2024,N,1,6/10/2024,,,,,,,,
dino,S,removal,3.5,9/31/24,6/10/2024,N,0,6/10/2024,,,,,,,,
dino,S,removal,3.7,9/31/24,6/10/2024,Y,0,6/10/2024,Y,24,0.0308,0.018,Y,24,0,
dino,S,removal,3.9,9/31/24,6/10/2024,N,0,6/10/2024,,,,,,,,
dino,S,removal,4.1,9/31/24,6/10/2024,N,0,6/10/2024,,,,,,,,
dino,S,removal,4.3,9/31/24,6/10/2024,N,0,6/10/2024,,,,,,,,
dino,S,removal,4.5,9/31/24,6/10/2024,N,0,6/10/2024,,,,,,,,
dino,S,removal,4.7,9/31/24,6/10/2024,N,0,6/10/2024,,,,,,,,
dino,S,removal,4.9,9/31/24,6/10/2024,N,0,6/10/2024,,,,,,,,
dino,S,removal,5.1,9/31/24,6/10/2024,N,0,6/10/2024,,,,,,,,
dino,S,removal,5.3,9/31/24,6/10/2024,N,0,6/10/2024,,,,,,,,
dino,S,removal,5.5,9/31/24,6/10/2024,N,1,6/10/2024,,,,,,,,
dino,S,removal,5.7,9/31/24,6/10/2024,Y,0,6/10/2024,Y,21,0.0248,0.0149,N,16,0,
dino,S,removal,5.9,9/31/24,6/10/2024,N,0,6/10/2024,,,,,,,,
dino,S,removal,6.1,9/31/24,6/10/2024,N,0,6/10/2024,,,,,,,,
dino,S,removal,6.3,9/31/24,6/10/2024,Y,1,6/10/2024,N,0,0.0167,0,,,,
dino,S,removal,6.5,9/31/24,6/10/2024,missing,,6/10/2024,,,,,,,,
dino,S,removal,6.7,9/31/24,6/10/2024,N,0,6/10/2024,,,,,,,,
dino,S,removal,6.9,9/31/24,6/10/2024,N,0,6/10/2024,,,,,,,,
dino,S,removal,7.1,9/31/24,6/10/2024,Y,0,6/10/2024,y,30,0.0693,0.0289,Y,17,0,
dino,N,control,1,9/31/24,6/10/2024,N,0,6/10/2024,,,,,,,,
dino,N,control,1.2,9/31/24,6/10/2024,N,0,6/10/2024,,,,,,,,
dino,N,control,1.4,9/31/24,6/10/2024,N,0,6/10/2024,,,,,,,,
dino,N,control,1.6,9/31/24,6/10/2024,N,0,6/10/2024,,,,,,,,
dino,N,control,1.8,9/31/24,6/10/2024,Y,0,6/10/2024,Y,10,0.0109,0.0048,N,8,0,
dino,N,control,2,9/31/24,6/10/2024,N,0,6/10/2024,,,,,,,,
dino,N,control,2.2,9/31/24,6/10/2024,N,0,6/10/2024,,,,,,,,
dino,N,control,2.4,9/31/24,6/10/2024,N,0,6/10/2024,,,,,,,,
dino,N,control,2.6,9/31/24,6/10/2024,N,0,6/10/2024,,,,,,,,
dino,N,control,2.8,9/31/24,6/10/2024,missing,,6/10/2024,,,,,,,,
dino,N,control,3,9/31/24,6/10/2024,missing,,6/10/2024,,,,,,,,
dino,N,control,3.2,9/31/24,6/10/2024,missing,,6/10/2024,,,,,,,,
dino,N,control,3.4,9/31/24,6/10/2024,missing,,6/10/2024,,,,,,,,
dino,N,control,3.6,9/31/24,6/10/2024,N,0,6/10/2024,,,,,,,,
dino,N,control,3.8,9/31/24,6/10/2024,N,0,6/10/2024,,,,,,,,
dino,N,control,4,9/31/24,6/10/2024,N,0,6/10/2024,,,,,,,,
dino,N,control,4.2,9/31/24,6/10/2024,N,7,6/10/2024,,,,,,,,
dino,N,control,4.4,9/31/24,6/10/2024,Y,3,6/10/2024,Y,61,0.0896,0.0488,Y,39,0,
dino,N,control,4.6,9/31/24,6/10/2024,Y,4,6/10/2024,Y,19,0.0306,0.0145,N,11,0,
dino,N,control,4.8,9/31/24,6/10/2024,N,4,6/10/2024,,,,,,,,
dino,N,control,5,9/31/24,6/10/2024,N,0,6/10/2024,,,,,,,,
dino,N,control,5.2,9/31/24,6/10/2024,N,0,6/10/2024,,,,,,,,
dino,N,control,5.4,9/31/24,6/10/2024,N,11,6/10/2024,,,,,,,,
dino,N,control,5.6,9/31/24,6/10/2024,N,6,6/10/2024,,,,,,,,
dino,N,control,5.8,9/31/24,6/10/2024,Y,3,6/10/2024,Y,11,0.0212,0.0095,N,11,11,
dino,N,control,6,9/31/24,6/10/2024,Y,2,6/10/2024,Y,16,0.0253,0.009,N,10,0,a couple seeds smashed/munched?
dino,N,control,6.2,9/31/24,6/10/2024,N,2,6/10/2024,,,,,,,,
dino,N,control,6.4,9/31/24,6/10/2024,N,0,6/10/2024,,,,,,,,
dino,N,control,6.6,9/31/24,6/10/2024,N,1,6/10/2024,,,,,,,,
dino,N,control,6.8,9/31/24,6/10/2024,N,0,6/10/2024,,,,,,,,
dino,N,control,7,9/31/24,6/10/2024,N,0,6/10/2024,,,,,,,,
dino,N,control,7.2,9/31/24,6/10/2024,N,1,6/10/2024,,,,,,,,
dino,N,control,7.4,9/31/24,6/10/2024,N,14,6/10/2024,,,,,,,,
dino,N,control,7.6,9/31/24,6/10/2024,N,5,6/10/2024,,,,,,,,
dino,N,control,7.8,9/31/24,6/10/2024,N,0,6/10/2024,,,,,,,,
dino,N,control,8,9/31/24,6/10/2024,N,3,6/10/2024,,,,,,,,
dino,N,control,8.2,9/31/24,6/10/2024,N,0,6/10/2024,,,,,,,,
dino,N,control,8.4,9/31/24,6/10/2024,Y,14,6/10/2024,Y,12,0.0154,0.0038,N,12,0,
dino,N,control,8.6,9/31/24,6/10/2024,N,1,6/10/2024,,,,,,,,
dino,N,control,8.8,9/31/24,6/10/2024,N,0,6/10/2024,,,,,,,,
dino,N,control,9,9/31/24,6/10/2024,N,0,6/10/2024,,,,,,,,
dino,N,control,9.2,9/31/24,6/10/2024,N,0,6/10/2024,,,,,,,,
dino,N,control,9.4,9/31/24,6/10/2024,missing,,6/10/2024,,,,,,,,
dino,N,control,9.6,9/31/24,6/10/2024,N,0,6/10/2024,,,,,,,,
dino,N,control,9.8,9/31/24,6/10/2024,N,0,6/10/2024,,,,,,,,
dino,N,control,10,9/31/24,6/10/2024,N,0,6/10/2024,,,,,,,,
dino,W,removal,2.1,9/31/24,6/10/2024,missing,,6/10/2024,,,,,,,,
dino,W,removal,2.3,9/31/24,6/10/2024,N,1,6/10/2024,,,,,,,,
dino,W,removal,2.5,9/31/24,6/10/2024,N,0,6/10/2024,,,,,,,,
dino,W,removal,2.7,9/31/24,6/10/2024,N,0,6/10/2024,,,,,,,,
dino,W,removal,2.9,9/31/24,6/10/2024,N,0,6/10/2024,,,,,,,,
dino,W,removal,3.1,9/31/24,6/10/2024,missing,,6/10/2024,,,,,,,,
dino,W,removal,3.3,9/31/24,6/10/2024,N,0,6/10/2024,,,,,,,,
dino,W,removal,3.5,9/31/24,6/10/2024,N,0,6/10/2024,,,,,,,,
dino,W,removal,3.7,9/31/24,6/10/2024,N,0,6/10/2024,,,,,,,,
dino,W,removal,3.9,9/31/24,6/10/2024,N,0,6/10/2024,,,,,,,,
dino,W,removal,4.1,9/31/24,6/10/2024,N,0,6/10/2024,,,,,,,,
dino,W,removal,4.3,9/31/24,6/10/2024,N,0,6/10/2024,,,,,,,,
dino,W,removal,4.5,9/31/24,6/10/2024,N,1,6/10/2024,,,,,,,,
dino,W,removal,4.7,9/31/24,6/10/2024,N,0,6/10/2024,,,,,,,,
dino,W,removal,4.9,9/31/24,6/10/2024,N,0,6/10/2024,,,,,,,,
dino,W,removal,5.1,9/31/24,6/10/2024,N,0,6/10/2024,,,,,,,,
dino,W,removal,5.3,9/31/24,6/10/2024,Y,2,6/10/2024,Y,309,0.3226,0.2304,N,167,0,
dino,W,removal,5.5,9/31/24,6/10/2024,N,1,6/10/2024,,,,,,,,
dino,W,removal,5.7,9/31/24,6/10/2024,N,0,6/10/2024,,,,,,,,
dino,W,removal,5.9,9/31/24,6/10/2024,N,0,6/10/2024,,,,,,,,
dino,W,removal,6.1,9/31/24,6/10/2024,N,0,6/10/2024,,,,,,,,
dino,W,removal,6.3,9/31/24,6/10/2024,N,0,6/10/2024,,,,,,,,
dino,W,removal,6.5,9/31/24,6/10/2024,N,0,6/10/2024,,,,,,,,
dino,W,removal,6.7,9/31/24,6/10/2024,Y,0,6/10/2024,Y,304,0.3373,0.1801,N,245,0,
dino,W,removal,6.9,9/31/24,6/10/2024,N,0,6/10/2024,,,,,,,,
dino,W,removal,7.1,9/31/24,6/10/2024,Y,2,6/10/2024,Y,41,0.048,0.0255,N,26,0,
Peavine,W,control,0.3,9/19/2023,2/27/2024,Y,23,5/29/2024,Y,7,0.05,0.01,N,0,7,
Peavine,W,control,0.5,9/19/2023,2/27/2024,Y,25,5/29/2024,Y,20,0.11,0.01,Y,0,0,
Peavine,W,control,0.7,9/19/2023,2/27/2024,Y,15,5/29/2024,Y,14,0.07,0.01,Y,0,0,
Peavine,W,control,0.9,9/19/2023,2/27/2024,Y,15,5/29/2024,N,,,,,,,
Peavine,W,control,1.1,9/19/2023,2/27/2024,Y,13,5/29/2024,Y,22,0.08,0.04,Y,0,0,
Peavine,W,control,1.3,9/19/2023,2/27/2024,Y,15,5/29/2024,Y,18,0.11,0.04,N,0,0,
Peavine,W,control,1.5,9/19/2023,2/27/2024,N,,5/29/2024,N,,,,,,,
Peavine,W,control,1.7,9/19/2023,2/27/2024,Y,13,5/29/2024,Y,86,0.52,0.01,Y,0,0,
Peavine,W,control,1.9,9/19/2023,2/27/2024,Y,3,5/29/2024,Y,62,0.26,0,Y,0,0,
Peavine,W,control,2.1,9/19/2023,2/27/2024,Y,8,5/29/2024,Y,115,0.42,0.2,Y,4,0,
Peavine,W,control,2.3,9/19/2023,2/27/2024,Y,2,5/29/2024,Y,128,0.65,0.21,N,14,0,
Peavine,W,control,2.5,9/19/2023,2/27/2024,Y,2,5/29/2024,Y,172,0.6,0.27,N,6,0,
Peavine,W,control,2.7,9/19/2023,2/27/2024,N,,5/29/2024,N,,,,,,,
Peavine,W,control,2.9,9/19/2023,2/27/2024,Y,10,5/29/2024,Y,120,0.24,0.21,N,4,0,
Peavine,W,control,3.1,9/19/2023,2/27/2024,Y,5,5/29/2024,Y,81,0.24,0.16,N,1,0,
Peavine,W,control,3.3,9/19/2023,2/27/2024,N,,5/29/2024,Y,42,0.09,0.09,N,0,0,
Peavine,W,control,3.5,9/19/2023,2/27/2024,N,,5/29/2024,N,,,,,,,
Peavine,W,control,3.7,9/19/2023,2/27/2024,Y,3,5/29/2024,Y,31,0.09,0.08,N,0,0,
Peavine,W,control,3.9,9/19/2023,2/27/2024,Y,11,5/29/2024,Y,8,0.01,0.01,N,,8,
Peavine,W,control,4.1,9/19/2023,2/27/2024,Y,25,5/29/2024,Y,32,0.08,0.04,N,0,0,
Peavine,W,control,4.3,9/19/2023,2/27/2024,Y,20,5/29/2024,Y,20,0.11,0.04,N,0,0,
Peavine,W,control,4.5,9/19/2023,2/27/2024,N,,5/29/2024,N,,,,,,,
Peavine,W,control,4.7,9/19/2023,2/27/2024,N,,5/29/2024,N,,,,,,,
Peavine,W,control,4.9,9/19/2023,2/27/2024,N,,5/29/2024,N,,,,,,,
Peavine,W,control,5.1,9/19/2023,2/27/2024,N,,5/29/2024,N,,,,,,,
Peavine,W,control,5.3,9/19/2023,2/27/2024,Y,6,5/29/2024,Y,19,0.06,0.02,N,0,0,
Peavine,W,control,5.5,9/19/2023,2/27/2024,Y,8,5/29/2024,N,,,,,,,
Peavine,W,control,5.7,9/19/2023,2/27/2024,Y,15,5/29/2024,Y,13,0.03,0.01,N,0,0,
Peavine,W,control,5.9,9/19/2023,2/27/2024,Y,2,5/29/2024,N,,,,,,,
Peavine,W,control,6.1,9/19/2023,2/27/2024,N,,5/29/2024,N,,,,,,,
Peavine,W,control,6.3,9/19/2023,2/27/2024,Y,5,5/29/2024,N,,,,,,,
Peavine,W,control,6.5,9/19/2023,2/27/2024,N,,5/29/2024,N,,,,,,,
Peavine,W,control,6.7,9/19/2023,2/27/2024,Y,11,5/29/2024,N,0,0.01,,,,,Y
Peavine,W,control,6.9,9/19/2023,2/27/2024,Y,3,5/29/2024,Y,40,0.08,0.08,N,0,0,
Peavine,W,control,7.1,9/19/2023,2/27/2024,Y,0,5/29/2024,Y,33,0.07,0.04,N,0,0,
Peavine,W,control,7.3,9/19/2023,2/27/2024,Y,3,5/29/2024,Y,46,0.12,0.08,N,0,0,
Peavine,W,control,7.5,9/19/2023,2/27/2024,Y,11,5/29/2024,Y,5,0.01,0.01,N,0,0,
Peavine,W,control,7.7,9/19/2023,2/27/2024,Y,2,5/29/2024,N,,,,,,,
Peavine,W,control,7.9,9/19/2023,2/27/2024,Y,4,5/29/2024,N,,,,,,,
Peavine,W,control,8.1,9/19/2023,2/27/2024,Y,1,5/29/2024,N,,,,,,,
Peavine,W,control,8.3,9/19/2023,2/27/2024,missing,,5/29/2024,missing,,,,,,,
Peavine,W,control,8.5,9/19/2023,2/27/2024,Y,0,5/29/2024,Y,45,0.08,0.06,N,0,0,
Peavine,W,control,8.7,9/19/2023,2/27/2024,Y,0,5/29/2024,Y,12,0.02,0.01,N,0,0,
Peavine,W,control,8.9,9/19/2023,2/27/2024,Y,5,5/29/2024,Y,65,0.13,0.09,N,0,0,
Peavine,W,control,9.1,9/19/2023,2/27/2024,Y,12,5/29/2024,Y,34,0.12,0.06,N,0,0,
Peavine,W,control,9.3,9/19/2023,2/27/2024,Y,10,5/29/2024,Y,9,0.04,0.01,N,0,0,
Peavine,W,control,9.5,9/19/2023,2/27/2024,Y,12,5/29/2024,N,,,,,,,
Peavine,W,control,9.7,9/19/2023,2/27/2024,Y,1,5/29/2024,Y,52,0.14,0.09,N,0,0,
Peavine,W,control,9.9,9/19/2023,2/27/2024,Y,6,5/29/2024,Y,167,0.79,0.34,N,28,0,
Peavine,W,control,10.1,9/19/2023,2/27/2024,Y,1,5/29/2024,Y,58,0.31,0.13,N,6,0,
Peavine,N,removal,2.3,9/19/2023,2/27/2024,N,,5/29/2024,N,,,,,,,
Peavine,N,removal,2.5,9/19/2023,2/27/2024,Y,0,5/29/2024,Y,62,0.14,0.08,N,22,0,
Peavine,N,removal,2.7,9/19/2023,2/27/2024,Y,5,5/29/2024,Y,451,1.21,0.71,N,51,0,
Peavine,N,removal,2.9,9/19/2023,2/27/2024,Y,7,5/29/2024,Y,95,0.29,0.16,N,24,0,
Peavine,N,removal,3.1,9/19/2023,2/27/2024,Y,8,5/29/2024,Y,308,1.16,0.48,N,74,13,
Peavine,N,removal,3.3,9/19/2023,2/27/2024,Y,7,5/29/2024,Y,84,0.17,0.1,N,4,0,
Peavine,N,removal,3.5,9/19/2023,2/27/2024,Y,9,5/29/2024,Y,221,1.18,0.34,Y,4,0,
Peavine,N,removal,3.7,9/19/2023,2/27/2024,N,,5/29/2024,N,,,,,,,
Peavine,N,removal,3.9,9/19/2023,2/27/2024,N,,5/29/2024,N,,,,,,,
Peavine,N,removal,4.1,9/19/2023,2/27/2024,Y,2,5/29/2024,Y,223,1.37,0.37,N,16,0,
Peavine,N,removal,4.3,9/19/2023,2/27/2024,N,,5/29/2024,N,,,,,,,
Peavine,N,removal,4.5,9/19/2023,2/27/2024,Y,2,5/29/2024,Y,4,0.02,0.01,N,0,0,
Peavine,N,removal,4.7,9/19/2023,2/27/2024,Y,0,5/29/2024,Y,107,0.26,0.17,N,18,0,
Peavine,N,removal,4.9,9/19/2023,2/27/2024,Y,1,5/29/2024,Y,69,0.16,0.13,N,25,0,
Peavine,N,removal,5.1,9/19/2023,2/27/2024,Y,0,5/29/2024,Y,142,0.34,0.21,N,21,0,
Peavine,N,removal,5.3,9/19/2023,2/27/2024,N,,5/29/2024,N,,,,,,,
Peavine,N,removal,5.5,9/19/2023,2/27/2024,Y,0,5/29/2024,Y,21,0.07,0.03,N,3,0,
Peavine,N,removal,5.7,9/19/2023,2/27/2024,Y,0,5/29/2024,Y,33,0.13,0.04,N,1,0,
Peavine,N,removal,5.9,9/19/2023,2/27/2024,Y,3,5/29/2024,N,,,,,,,
Peavine,N,removal,6.1,9/19/2023,2/27/2024,Y,0,5/29/2024,Y,91,0.43,0.17,N,5,0,
Peavine,N,removal,6.3,9/19/2023,2/27/2024,Y,1,5/29/2024,Y,93,0.38,0.16,Y,13,0,
Peavine,N,removal,6.5,9/19/2023,2/27/2024,Y,1,5/29/2024,Y,81,0.22,0.12,N,25,0,
Peavine,N,removal,6.7,9/19/2023,2/27/2024,Y,3,5/29/2024,Y,70,0.12,0.15,N,15,0,
Peavine,N,removal,6.9,9/19/2023,2/27/2024,Y,4,5/29/2024,Y,84,0.21,0.19,N,21,0,
Peavine,N,removal,7.1,9/19/2023,2/27/2024,Y,3,5/29/2024,Y,115,0.28,0.23,N,19,0,
Peavine,E,removal,2.4,9/19/2023,2/27/2024,Y,8,5/29/2024,Y,41,0.07,0.07,N,11,0,
Peavine,E,removal,2.6,9/19/2023,2/27/2024,Y,5,5/29/2024,Y,9,0.01,0.01,N,0,9,
Peavine,E,removal,2.8,9/19/2023,2/27/2024,Y,9,5/29/2024,Y,92,0.23,0.17,N,63,0,
Peavine,E,removal,3,9/19/2023,2/27/2024,Y,4,5/29/2024,Y,149,0.24,0.18,N,50,0,
Peavine,E,removal,3.2,9/19/2023,2/27/2024,Y,2,5/29/2024,Y,165,0.29,0.32,N,72,0,
Peavine,E,removal,3.4,9/19/2023,2/27/2024,Y,3,5/29/2024,Y,127,0.31,0.22,N,23,0,
Peavine,E,removal,3.6,9/19/2023,2/27/2024,Y,1,5/29/2024,Y,22,0.04,0.03,N,5,0,
Peavine,E,removal,3.8,9/19/2023,2/27/2024,Y,0,5/29/2024,Y,64,0.14,0.12,N,9,0,
Peavine,E,removal,4,9/19/2023,2/27/2024,Y,1,5/29/2024,Y,235,0.51,0.38,N,33,0,
Peavine,E,removal,4.2,9/19/2023,2/27/2024,Y,0,5/29/2024,missing,,,,,,,
Peavine,E,removal,4.4,9/19/2023,2/27/2024,Y,2,5/29/2024,Y,66,0.12,0.1,N,13,0,
Peavine,E,removal,4.6,9/19/2023,2/27/2024,Y,2,5/29/2024,Y,59,0.25,0.08,N,19,0,
Peavine,E,removal,4.8,9/19/2023,2/27/2024,missing,,5/29/2024,missing,,,,,,,
Peavine,E,removal,5,9/19/2023,2/27/2024,Y,2,5/29/2024,Y,112,0.29,0.19,N,17,0,
Peavine,E,removal,5.2,9/19/2023,2/27/2024,Y,0,5/29/2024,Y,68,0.12,0.14,N,13,0,
Peavine,E,removal,5.4,9/19/2023,2/27/2024,Y,0,5/29/2024,Y,98,0.16,0.15,N,15,0,
Peavine,E,removal,5.6,9/19/2023,2/27/2024,N,,5/29/2024,N,,,,,,,
Peavine,E,removal,5.8,9/19/2023,2/27/2024,N,,5/29/2024,N,,,,,,,
Peavine,E,removal,6,9/19/2023,2/27/2024,Y,0,5/29/2024,Y,4,0.02,0.01,Y,2,0,1 empty glume
Peavine,E,removal,6.2,9/19/2023,2/27/2024,Y,0,5/29/2024,N,,,,,,,
Peavine,E,removal,6.4,9/19/2023,2/27/2024,Y,1,5/29/2024,Y,145,0.46,0.26,N,30,0,
Peavine,E,removal,6.6,9/19/2023,2/27/2024,Y,0,5/29/2024,Y,149,0.39,0.22,N,10,0,
Peavine,E,removal,6.8,9/19/2023,2/27/2024,Y,0,5/29/2024,Y,43,0.07,0.08,N,2,0,
Peavine,E,removal,7,9/19/2023,2/27/2024,N,,5/29/2024,N,,,,,,,
Peavine,E,removal,7.2,9/19/2023,2/27/2024,Y,1,5/29/2024,Y,183,0.57,0.31,Y,7,0,
Peavine,S,control,0.3,9/19/2023,2/27/2024,Y,14,5/29/2024,Y,28,0.16,0.07,N,1,0,
Peavine,S,control,0.5,9/19/2023,2/27/2024,Y,30,5/29/2024,Y,18,0.17,0.03,Y,0,0,
Peavine,S,control,0.7,9/19/2023,2/27/2024,Y,20,5/29/2024,Y,12,0.12,0.02,N,2,0,
Peavine,S,control,0.9,9/19/2023,2/27/2024,N,,5/29/2024,N,,,,,,,
Peavine,S,control,1.1,9/19/2023,2/27/2024,Y,6,5/29/2024,Y,127,0.68,0.17,N,4,5,
Peavine,S,control,1.3,9/19/2023,2/27/2024,N,,5/29/2024,N,,,,,,,
Peavine,S,control,1.5,9/19/2023,2/27/2024,Y,2,5/29/2024,Y,8,0.03,0.01,Y,2,0,
Peavine,S,control,1.7,9/19/2023,2/27/2024,Y,2,5/29/2024,Y,4,0.14,0.01,Y,9,0,
Peavine,S,control,1.9,9/19/2023,2/27/2024,Y,2,5/29/2024,Y,214,0.78,0.32,N,2,0,
Peavine,S,control,2.1,9/19/2023,2/27/2024,N,,5/29/2024,N,,,,,,,
Peavine,S,control,2.3,9/19/2023,2/27/2024,Y,6,5/29/2024,Y,38,0.19,0.07,N,0,0,
Peavine,S,control,2.5,9/19/2023,2/27/2024,Y,12,5/29/2024,Y,170,0.74,0.34,N,33,0,
Peavine,S,control,2.7,9/19/2023,2/27/2024,Y,9,5/29/2024,Y,61,0.35,0.15,N,0,0,
Peavine,S,control,2.9,9/19/2023,2/27/2024,Y,4,5/29/2024,Y,42,0.5,0.07,N,0,42,
Peavine,S,control,3.1,9/19/2023,2/27/2024,Y,0,5/29/2024,Y,54,0.18,0.1,N,7,0,
Peavine,S,control,3.3,9/19/2023,2/27/2024,Y,0,5/29/2024,Y,90,0.22,0.15,N,4,0,
Peavine,S,control,3.5,9/19/2023,2/27/2024,N,,5/29/2024,N,,,,,,,
Peavine,S,control,3.7,9/19/2023,2/27/2024,Y,0,5/29/2024,Y,306,0.83,0.5,N,14,0,
Peavine,S,control,3.9,9/19/2023,2/27/2024,N,,5/29/2024,N,,,,,,,
Peavine,S,control,4.1,9/19/2023,2/27/2024,N,,5/29/2024,N,,,,,,,
Peavine,S,control,4.3,9/19/2023,2/27/2024,N,,5/29/2024,N,,,,,,,
Peavine,S,control,4.5,9/19/2023,2/27/2024,Y,0,5/29/2024,N,,,,,,,
Peavine,S,control,4.7,9/19/2023,2/27/2024,Y,1,5/29/2024,Y,6,0.01,0.01,N,3,0,
Peavine,S,control,4.9,9/19/2023,2/27/2024,N,,5/29/2024,N,,,,,,,
Peavine,S,control,5.1,9/19/2023,2/27/2024,Y,0,5/29/2024,N,,,,,,,
Peavine,S,control,5.3,9/19/2023,2/27/2024,N,,5/29/2024,N,,,,,,,
Peavine,S,control,5.5,9/19/2023,2/27/2024,Y,0,5/29/2024,N,,,,,,,
Peavine,S,control,5.7,9/19/2023,2/27/2024,Y,0,5/29/2024,Y,52,0.13,0.11,N,10,0,
Peavine,S,control,5.9,9/19/2023,2/27/2024,Y,0,5/29/2024,Y,23,0.05,0.05,N,4,0,
Peavine,S,control,6.1,9/19/2023,2/27/2024,N,,5/29/2024,N,,,,,,,
Peavine,S,control,6.3,9/19/2023,2/27/2024,Y,5,5/29/2024,Y,14,0.04,0.03,N,8,0,
Peavine,S,control,6.5,9/19/2023,2/27/2024,Y,3,5/29/2024,Y,11,0.02,0.03,Y,7,0,
Peavine,S,control,6.7,9/19/2023,2/27/2024,Y,5,5/29/2024,Y,23,0.07,0.04,N,8,0,
Peavine,S,control,6.9,9/19/2023,2/27/2024,Y,8,5/29/2024,Y,39,0.13,0.08,N,10,0,
Peavine,S,control,7.1,9/19/2023,2/27/2024,N,,5/29/2024,N,,,,,,,
Peavine,S,control,7.3,9/19/2023,2/27/2024,Y,0,5/29/2024,Y,47,0.1,0.12,N,9,0,
Peavine,S,control,7.5,9/19/2023,2/27/2024,Y,1,5/29/2024,Y,9,0.04,0.01,N,5,0,
Peavine,S,control,7.7,9/19/2023,2/27/2024,Y,2,5/29/2024,Y,3,0.01,0.01,N,1,0,
Peavine,S,control,7.9,9/19/2023,2/27/2024,Y,1,5/29/2024,Y,73,0.17,0.13,N,8,0,
Peavine,S,control,8.1,9/19/2023,2/27/2024,Y,1,5/29/2024,Y,44,0.13,0.1,N,9,0,
Peavine,S,control,8.3,9/19/2023,2/27/2024,Y,0,5/29/2024,N,,,,,,,
Peavine,S,control,8.5,9/19/2023,2/27/2024,Y,3,5/29/2024,Y,12,0.02,0.01,N,2,0,
Peavine,S,control,8.7,9/19/2023,2/27/2024,Y,5,5/29/2024,Y,26,0.09,0.06,N,7,0,
Peavine,S,control,8.9,9/19/2023,2/27/2024,Y,3,5/29/2024,Y,27,0.09,0.08,N,9,0,
Peavine,S,control,9.1,9/19/2023,2/27/2024,Y,4,5/29/2024,Y,6,0.01,0.02,N,3,0,
Peavine,S,control,9.3,9/19/2023,2/27/2024,Y,3,5/29/2024,Y,10,0.02,0.03,N,7,0,
Peavine,S,control,9.5,9/19/2023,2/27/2024,N,,5/29/2024,N,,,,,,,
Peavine,S,control,9.7,9/19/2023,2/27/2024,Y,8,5/29/2024,Y,24,0.09,0.06,N,6,0,
Peavine,S,control,9.9,9/19/2023,2/27/2024,Y,7,5/29/2024,Y,6,0.01,0.01,N,2,0,
Peavine,S,control,10.1,9/19/2023,2/27/2024,Y,20,5/29/2024,Y,35,0.29,0.08,N,5,0,N
Plymouth,N,control,0.1,9/21/2023,3/15/2024,missing,,6/5/2024,missing,,,,,,,
Plymouth,N,control,0.3,9/21/2023,3/15/2024,Y,3,6/5/2024,N,,0.03,,Y,,,
Plymouth,N,control,0.5,9/21/2023,3/15/2024,Y,9,6/5/2024,N,,0.01,,,,,herbivore damage
Plymouth,N,control,0.7,9/21/2023,3/15/2024,Y,2,6/5/2024,Y,23,0.07,0.06,N,7,,
Plymouth,N,control,0.9,9/21/2023,3/15/2024,missing,,6/5/2024,missing,,,,,,,
Plymouth,N,control,1.1,9/21/2023,3/15/2024,N,,6/5/2024,N,,,,,,,
Plymouth,N,control,1.3,9/21/2023,3/15/2024,N,,6/5/2024,N,,,,,,,
Plymouth,N,control,1.5,9/21/2023,3/15/2024,Y,1,6/5/2024,N,,0.02,,,,,herbivore damage
Plymouth,N,control,1.7,9/21/2023,3/15/2024,Y,1,6/5/2024,Y,11,0.05,0.03,Y,7,,
Plymouth,N,control,1.9,9/21/2023,3/15/2024,N,,6/5/2024,N,,,,,,,
Plymouth,N,control,2.1,9/21/2023,3/15/2024,N,,6/5/2024,N,,,,,,,
Plymouth,N,control,2.3,9/21/2023,3/15/2024,Y,0,6/5/2024,Y,10,0.05,0.01,Y,3,,
Plymouth,N,control,2.5,9/21/2023,3/15/2024,Y,0,6/5/2024,Y,20,0.09,0.04,Y,5,,
Plymouth,N,control,2.7,9/21/2023,3/15/2024,Y,1,6/5/2024,Y,2,0.01,0.01,Y,1,,
Plymouth,N,control,2.9,9/21/2023,3/15/2024,Y,1,6/5/2024,Y,23,0.04,0.02,N,3,,
Plymouth,N,control,3.1,9/21/2023,3/15/2024,Y,13,6/5/2024,Y,4,0.03,0.01,N,3,,
Plymouth,N,control,3.3,9/21/2023,3/15/2024,N,,6/5/2024,N,,,,,,,
Plymouth,N,control,3.5,9/21/2023,3/15/2024,Y,0,6/5/2024,Y,18,0.14,0.04,Y,3,,
Plymouth,N,control,3.7,9/21/2023,3/15/2024,N,,6/5/2024,N,,,,,,,
Plymouth,N,control,3.9,9/21/2023,3/15/2024,Y,2,6/5/2024,Y,12,0.04,0.02,Y,3,,
Plymouth,N,control,4.1,9/21/2023,3/15/2024,N,,6/5/2024,N,,,,,,,
Plymouth,N,control,4.3,9/21/2023,3/15/2024,Y,1,6/5/2024,Y,9,0.03,0.01,Y,2,,
Plymouth,N,control,4.5,9/21/2023,3/15/2024,Y,3,6/5/2024,Y,1,0.01,0.01,N,,,
Plymouth,N,control,4.7,9/21/2023,3/15/2024,Y,6,6/5/2024,Y,28,0.08,0.06,N,1,,
Plymouth,N,control,4.9,9/21/2023,3/15/2024,N,,6/5/2024,N,,,,,,,
Plymouth,N,control,5.1,9/21/2023,3/15/2024,Y,4,6/5/2024,Y,30,0.09,0.05,Y,2,,
Plymouth,N,control,5.3,9/21/2023,3/15/2024,Y,6,6/5/2024,Y,15,0.05,0.03,N,1,,
Plymouth,N,control,5.5,9/21/2023,3/15/2024,Y,5,6/5/2024,Y,2,0.01,0.01,Y,,,
Plymouth,N,control,5.7,9/21/2023,3/15/2024,Y,1,6/5/2024,Y,11,0.15,0.03,Y,1,,
Plymouth,N,control,5.9,9/21/2023,3/15/2024,Y,4,6/5/2024,Y,17,0.04,0.03,Y,3,,
Plymouth,N,control,6.1,9/21/2023,3/15/2024,Y,3,6/5/2024,Y,7,0.11,0.01,Y,2,,
Plymouth,N,control,6.3,9/21/2023,3/15/2024,Y,7,6/5/2024,Y,42,0.2,0.09,N,,,
Plymouth,N,control,6.5,9/21/2023,3/15/2024,Y,4,6/5/2024,N,,0.05,,,,,herbivore damage
Plymouth,N,control,6.7,9/21/2023,3/15/2024,Y,16,6/5/2024,N,,0.01,,,,,herbivore damage
Plymouth,N,control,6.9,9/21/2023,3/15/2024,N,,6/5/2024,N,,,,,,,
Plymouth,N,control,7.1,9/21/2023,3/15/2024,N,,6/5/2024,N,,,,,,,
Plymouth,N,control,7.3,9/21/2023,3/15/2024,Y,11,6/5/2024,N,,0.01,,,,,herbivore damage
Plymouth,N,control,7.5,9/21/2023,3/15/2024,Y,4,6/5/2024,N,,,,,,,
Plymouth,N,control,7.7,9/21/2023,3/15/2024,Y,0,6/5/2024,N,,0.1,,,,,herbivore damage
Plymouth,N,control,7.9,9/21/2023,3/15/2024,Y,1,6/5/2024,Y,9,0.02,0.03,Y,5,,
Plymouth,N,control,8.1,9/21/2023,3/15/2024,Y,1,6/5/2024,Y,20,0.02,0.02,Y,2,,
Plymouth,N,control,8.3,9/21/2023,3/15/2024,N,,6/5/2024,N,,,,,,,
Plymouth,N,control,8.5,9/21/2023,3/15/2024,Y,5,6/5/2024,N,,,,,,,
Plymouth,N,control,8.7,9/21/2023,3/15/2024,Y,4,6/5/2024,N,,,,,,,
Plymouth,N,control,8.9,9/21/2023,3/15/2024,N,,6/5/2024,N,,,,,,,
Plymouth,N,control,9.1,9/21/2023,3/15/2024,Y,3,6/5/2024,Y,21,0.06,0.03,N,3,,
Plymouth,N,control,9.3,9/21/2023,3/15/2024,N,,6/5/2024,N,,,,,,,
Plymouth,N,control,9.5,9/21/2023,3/15/2024,Y,3,6/5/2024,Y,6,0.02,0.01,N,,,
Plymouth,N,control,9.7,9/21/2023,3/15/2024,Y,1,6/5/2024,Y,16,0.03,0.02,Y,2,,
Plymouth,N,control,9.9,9/21/2023,3/15/2024,Y,9,6/5/2024,Y,5,0.04,0.01,Y,2,,
Plymouth,N,control,10.1,9/21/2023,3/15/2024,Y,8,6/5/2024,Y,2,0.01,0.01,Y,,,
Plymouth,W,control,0.3,9/21/2023,3/15/2024,Y,9,6/5/2024,Y,19,0.1,0.05,N,0,0,
Plymouth,W,control,0.5,9/21/2023,3/15/2024,Y,5,6/5/2024,Y,38,0.13,0.15,N,0,0,
Plymouth,W,control,0.7,9/21/2023,3/15/2024,Y,11,6/5/2024,Y,4,0.01,0.01,Y,9,0,
Plymouth,W,control,0.9,9/21/2023,3/15/2024,Y,0,6/5/2024,Y,82,0.14,0.09,N,9,0,
Plymouth,W,control,1.1,9/21/2023,3/15/2024,Y,6,6/5/2024,Y,192,1.34,1.54,Y,6,0,
Plymouth,W,control,1.3,9/21/2023,3/15/2024,N,,6/5/2024,N,,,,,,,
Plymouth,W,control,1.5,9/21/2023,3/15/2024,Y,13,6/5/2024,Y,2,0.02,0.01,N,0,0,
Plymouth,W,control,1.7,9/21/2023,3/15/2024,Y,7,6/5/2024,Y,6,0.01,0.01,N,0,0,
Plymouth,W,control,1.9,9/21/2023,3/15/2024,N,,6/5/2024,N,,,,,,,
Plymouth,W,control,2.1,9/21/2023,3/15/2024,N,,6/5/2024,N,,,,,,,
Plymouth,W,control,2.3,9/21/2023,3/15/2024,Y,1,6/5/2024,Y,5,0.01,0.01,N,0,0,
Plymouth,W,control,2.5,9/21/2023,3/15/2024,Y,3,6/5/2024,Y,62,0.1,0.1,N,1,0,
Plymouth,W,control,2.7,9/21/2023,3/15/2024,N,,6/5/2024,N,,,,,,,
Plymouth,W,control,2.9,9/21/2023,3/15/2024,Y,0,6/5/2024,Y,153,0.33,0.34,N,0,0,
Plymouth,W,control,3.1,9/21/2023,3/15/2024,Y,3,6/5/2024,N,0,0.13,0,N,0,0,herbivore damage
Plymouth,W,control,3.3,9/21/2023,3/15/2024,Y,1,6/5/2024,N,0,0.09,0,N,0,0,herbivore damage
Plymouth,W,control,3.5,9/21/2023,3/15/2024,Y,1,6/5/2024,Y,19,0.01,0.01,N,0,0,
Plymouth,W,control,3.7,9/21/2023,3/15/2024,N,,6/5/2024,N,,,,,,,
Plymouth,W,control,3.9,9/21/2023,3/15/2024,Y,6,6/5/2024,Y,4,0.01,0.01,N,0,0,herbivore damage
Plymouth,W,control,4.1,9/21/2023,3/15/2024,Y,4,6/5/2024,Y,24,0.07,0.02,N,1,0,
Plymouth,W,control,4.3,9/21/2023,3/15/2024,N,,6/5/2024,N,,,,,,,
Plymouth,W,control,4.5,9/21/2023,3/15/2024,N,,6/5/2024,N,,,,,,,
Plymouth,W,control,4.7,9/21/2023,3/15/2024,Y,6,6/5/2024,Y,52,0.08,0.07,,,,
Plymouth,W,control,4.9,9/21/2023,3/15/2024,N,,6/5/2024,N,,,,,,,
Plymouth,W,control,5.1,9/21/2023,3/15/2024,Y,2,6/5/2024,Y,34,0.07,0.02,N,0,0,
Plymouth,W,control,5.3,9/21/2023,3/15/2024,N,,6/5/2024,N,,,,,,,
Plymouth,W,control,5.5,9/21/2023,3/15/2024,N,,6/5/2024,N,,,,,,,
Plymouth,W,control,5.7,9/21/2023,3/15/2024,N,,6/5/2024,N,,,,,,,
Plymouth,W,control,5.9,9/21/2023,3/15/2024,Y,4,6/5/2024,Y,13,0.05,0.02,N,1,0,
Plymouth,W,control,6.1,9/21/2023,3/15/2024,Y,1,6/5/2024,Y,3,0.02,0.01,Y,0,0,
Plymouth,W,control,6.3,9/21/2023,3/15/2024,Y,2,6/5/2024,N,0,0.12,0,N,0,0,herbivore damage
Plymouth,W,control,6.5,9/21/2023,3/15/2024,N,,6/5/2024,N,,,,,,,
Plymouth,W,control,6.7,9/21/2023,3/15/2024,Y,0,6/5/2024,Y,19,0.04,0.02,N,0,0,
Plymouth,W,control,6.9,9/21/2023,3/15/2024,N,,6/5/2024,N,,,,,,,frostheave
Plymouth,W,control,7.1,9/21/2023,3/15/2024,N,,6/5/2024,N,,,,,,,
Plymouth,W,control,7.3,9/21/2023,3/15/2024,Y,1,6/5/2024,N,,,,,,,
Plymouth,W,control,7.5,9/21/2023,3/15/2024,Y,2,6/5/2024,Y,23,0.05,0.02,N,0,0,
Plymouth,W,control,7.7,9/21/2023,3/15/2024,N,,6/5/2024,N,,,,,,,
Plymouth,W,control,7.9,9/21/2023,3/15/2024,Y,4,6/5/2024,Y,27,0.05,0.07,N,0,0,
Plymouth,W,control,8.1,9/21/2023,3/15/2024,N,,6/5/2024,N,,,,,,,
Plymouth,W,control,8.3,9/21/2023,3/15/2024,Y,6,6/5/2024,N,,0.01,,,,,herbivore damage
Plymouth,W,control,8.5,9/21/2023,3/15/2024,Y,4,6/5/2024,N,,0.08,,,,,herbivore damage
Plymouth,W,control,8.7,9/21/2023,3/15/2024,Y,4,6/5/2024,Y,44,0.12,,N,2,0,
Plymouth,W,control,8.9,9/21/2023,3/15/2024,N,,6/5/2024,N,,,,,,,
Plymouth,W,control,9.1,9/21/2023,3/15/2024,Y,17,6/5/2024,N,,0.07,,,,,herbivore damage
Plymouth,W,control,9.3,9/21/2023,3/15/2024,N,,6/5/2024,N,,,,,,,
Plymouth,W,control,9.5,9/21/2023,3/15/2024,N,,6/5/2024,N,,,,,,,
Plymouth,W,control,9.7,9/21/2023,3/15/2024,N,,6/5/2024,N,,,,,,,
Plymouth,W,control,9.9,9/21/2023,3/15/2024,Y,1,6/5/2024,Y,82,0.2,0.12,N,0,0,
Plymouth,W,control,10.1,9/21/2023,3/15/2024,Y,1,6/5/2024,Y,40,0.09,0.08,N,0,0,
Plymouth,E,removal,2.1,9/21/2023,3/15/2024,N,,6/5/2024,N,,,,,,,
Plymouth,E,removal,2.3,9/21/2023,3/15/2024,N,,6/5/2024,N,,,,,,,
Plymouth,E,removal,2.5,9/21/2023,3/15/2024,Y,0,6/5/2024,N,,0.11,,,,,herbivore damage
Plymouth,E,removal,2.7,9/21/2023,3/15/2024,Y,2,6/5/2024,N,,,,,,,
Plymouth,E,removal,2.9,9/21/2023,3/15/2024,Y,2,6/5/2024,N,,0.05,,,,,herbivore damage
Plymouth,E,removal,3.1,9/21/2023,3/15/2024,N,,6/5/2024,N,,,,,,,
Plymouth,E,removal,3.3,9/21/2023,3/15/2024,missing,,6/5/2024,N,,,,,,,
Plymouth,E,removal,3.5,9/21/2023,3/15/2024,N,,6/5/2024,N,,,,,,,
Plymouth,E,removal,3.7,9/21/2023,3/15/2024,Y,1,6/5/2024,N,,,,,,,
Plymouth,E,removal,3.9,9/21/2023,3/15/2024,Y,2,6/5/2024,N,,,,,,,
Plymouth,E,removal,4.1,9/21/2023,3/15/2024,N,,6/5/2024,N,,,,,,,
Plymouth,E,removal,4.3,9/21/2023,3/15/2024,Y,1,6/5/2024,N,,,,,,,
Plymouth,E,removal,4.5,9/21/2023,3/15/2024,Y,0,6/5/2024,N,,,,,,,
Plymouth,E,removal,4.7,9/21/2023,3/15/2024,Y,0,6/5/2024,N,,,,,,,
Plymouth,E,removal,4.9,9/21/2023,3/15/2024,N,0,6/5/2024,N,,,,,,,
Plymouth,E,removal,5.1,9/21/2023,3/15/2024,missing,,6/5/2024,N,,,,,,,
Plymouth,E,removal,5.3,9/21/2023,3/15/2024,missing,,6/5/2024,N,,,,,,,
Plymouth,E,removal,5.5,9/21/2023,3/15/2024,missing,,6/5/2024,N,,,,,,,
Plymouth,E,removal,5.7,9/21/2023,3/15/2024,missing,,6/5/2024,N,,,,,,,
Plymouth,E,removal,5.9,9/21/2023,3/15/2024,N,,6/5/2024,N,,,,,,,
Plymouth,E,removal,6.1,9/21/2023,3/15/2024,Y,1,6/5/2024,N,,,,,,,
Plymouth,E,removal,6.3,9/21/2023,3/15/2024,Y,0,6/5/2024,N,,,,,,,
Plymouth,E,removal,6.5,9/21/2023,3/15/2024,Y,1,6/5/2024,N,,,,,,,
Plymouth,E,removal,6.7,9/21/2023,3/15/2024,N,,6/5/2024,N,,,,,,,
Plymouth,E,removal,6.9,9/21/2023,3/15/2024,N,,6/5/2024,N,,,,,,,
Plymouth,S,removal,2.1,9/21/2023,3/15/2024,N,,6/5/2024,N,,,,,,,
Plymouth,S,removal,2.3,9/21/2023,3/15/2024,N,,6/5/2024,N,,,,,,,
Plymouth,S,removal,2.5,9/21/2023,3/15/2024,Y,4,6/5/2024,Y,63,0.16,0.14,0,7,0,
Plymouth,S,removal,2.7,9/21/2023,3/15/2024,Y,2,6/5/2024,N,0,0.01,0,0,0,0,herbivore damage
Plymouth,S,removal,2.9,9/21/2023,3/15/2024,missing,,6/5/2024,N,,,,,,,
Plymouth,S,removal,3.1,9/21/2023,3/15/2024,missing,,6/5/2024,N,,,,,,,
Plymouth,S,removal,3.3,9/21/2023,3/15/2024,N,,6/5/2024,N,,,,,,,
Plymouth,S,removal,3.5,9/21/2023,3/15/2024,Y,6,6/5/2024,N,0,0.08,,,,,herbivore damage
Plymouth,S,removal,3.7,9/21/2023,3/15/2024,N,,6/5/2024,N,,,,,,,
Plymouth,S,removal,3.9,9/21/2023,3/15/2024,missing,,6/5/2024,N,,,,,,,
Plymouth,S,removal,4.1,9/21/2023,3/15/2024,missing,,6/5/2024,N,,,,,,,
Plymouth,S,removal,4.3,9/21/2023,3/15/2024,Y,2,6/5/2024,Y,9,,0.03,0,0,0,
Plymouth,S,removal,4.5,9/21/2023,3/15/2024,N,,6/5/2024,N,,,,,,,
Plymouth,S,removal,4.7,9/21/2023,3/15/2024,Y,4,6/5/2024,Y,7,0.03,0.02,Y,3,0,
Plymouth,S,removal,4.9,9/21/2023,3/15/2024,Y,1,6/5/2024,N,,0.03,,,,,herbivore damage
Plymouth,S,removal,5.1,9/21/2023,3/15/2024,Y,4,6/5/2024,Y,11,0.05,0.01,N,5,0,
Plymouth,S,removal,5.3,9/21/2023,3/15/2024,Y,5,6/5/2024,Y,20,0.06,0.04,Y,8,0,
Plymouth,S,removal,5.5,9/21/2023,3/15/2024,Y,8,6/5/2024,Y,11,0.02,0.02,Y,3,0,
Plymouth,S,removal,5.7,9/21/2023,3/15/2024,Y,1,6/5/2024,Y,37,0.14,0.08,Y,7,0,
Plymouth,S,removal,5.9,9/21/2023,3/15/2024,N,,6/5/2024,N,,,,,,,
Plymouth,S,removal,6.1,9/21/2023,3/15/2024,Y,1,6/5/2024,Y,1,0.01,0.01,N,1,0,
Plymouth,S,removal,6.3,9/21/2023,3/15/2024,Y,1,6/5/2024,N,,0.09,,,,,herbivore damage
Plymouth,S,removal,6.5,9/21/2023,3/15/2024,missing,,6/5/2024,N,,,,,,,
Plymouth,S,removal,6.7,9/21/2023,3/15/2024,N,,6/5/2024,N,,,,,,,
Plymouth,S,removal,6.9,9/21/2023,3/15/2024,N,,6/5/2024,N,,,,,,,
