,,,,,plant_length,v_stage,notes,plant_length,v_stage,notes,plant_length,v_stage,notes,plant_length,v_stage,notes,plant_length,v_stage,notes,plant_length,v_stage,notes,plant_length,v_stage,notes,plant_length,v_stage,notes,plant_length,v_stage,notes,plant_length,v_stage,notes,plant_length,v_stage,notes,plant_length,v_stage,notes,plant_length,v_stage,notes,plant_length,v_stage,notes,plant_length,v_stage,notes,plant_length,v_stage,notes,plant_length,v_stage,notes,plant_length,v_stage,notes,plant_length,v_stage,notes,plant_length,v_stage,notes
date,albedo,density,block,,1,1,1,2,2,2,3,3,3,4,4,4,5,5,5,6,6,6,7,7,7,8,8,8,9,9,9,10,10,10,11,11,11,12,12,12,13,13,13,14,14,14,15,15,15,16,16,16,17,17,17,18,18,18,19,19,19,20,20,20
,white,high,1,1,81,V3+,,39,V3+,,,,,177,FG,,132,IB,,139,FG,,172,FG,,106,FG,,159,IB,,192,IB,,,,,,,,,,,,,,,,,,,,,,,,,,,,,,,
,white,high,1,2,131,FG,,132,IB,,149,IB,,120,IB,,,,,87,V3+,,134,FG,,136,FG,,131,IB,,105,FB,,,,,,,,,,,,,,,,,,,,,,,,,,,,,,,
,white,high,1,3,93,IB,,136,IB,,130,IB,,143,FG,,,,,96,V3+,,102,IB,,,,,147,FG,,152,FG,,,,,,,,,,,,,,,,,,,,,,,,,,,,,,,
,white,high,1,4,,,,98,V3+,,123,FG,,111,FG,,62,V3+,,99,FG,,73,V3+,,128,FG,,145,FG,,106,V3+,,,,,,,,,,,,,,,,,,,,,,,,,,,,,,,
,white,high,1,5,127,FG,,46,V3+,,130,FG,,111,FG,,131,FG,,,,,123,FG,,118,V3+,,135,V3+,,202,FG,,,,,,,,,,,,,,,,,,,,,,,,,,,,,,,
,white,high,1,6,,,,101,V3+,,126,FG,,147,FG,,,,,146,V3+,,156,FG,,104,V3+,,79,V3+,,185,V3+,,,,,,,,,,,,,,,,,,,,,,,,,,,,,,,
,white,high,1,7,,,,114,V3+,,108,IB,,145,FG,,141,FG,,167,FG,,117,V3+,,,,,112,V3+,,,,,,,,,,,,,,,,,,,,,,,,,,,,,,,,,,
,white,high,1,8,106,FG,,81,FG,,,,,177,FG,,184,FG,,H,H,,154,V3+,,114,FG,,,,,,,,,,,,,,,,,,,,,,,,,,,,,,,,,,,,,
,white,high,1,9,157,V3+,,146,V3+,,139,FG,,34,V3+,,128,FG,,61,V3+,,169,FG,,171,FG,,,,,,,,,,,,,,,,,,,,,,,,,,,,,,,,,,,,,
,white,high,1,10,H,H,,73,IB,,130,V3+,,163,FG,,89,IB,,,,,115,IB,,156,FG,,18,V3+,,,,,,,,,,,,,,,,,,,,,,,,,,,,,,,,,,
,black,low,1,1,121,IB,,,,,,,,,,,,,,139,V3+,,121,IB,,105,IB,,,,,,,,60,V3+,,,,,,,,,,,71,V3+,,48,V3+,,72,V3+,,,,,,,,,,
,black,low,1,2,108,FG,,,,,,,,,,,,,,,,,119,IB,,104,IB,,H,H,,,,,,,,,,,181,FG,,,,,,,,,,,82,IB,,32,V3+,,,,,,,
,black,low,1,3,24,V3,,101,IB,,,,,,,,,,,36,V3+,,97,FG,,87,V3+,,83,V3+,,120,V3+,,,,,,,,152,IB,,,,,,,,,,,,,,116,V3+,,,,,,,
,black,low,1,4,121,IB,,121,V3+,,,,,,,,119,FG,,141,IB,,139,FG,,111,FG,,141,FG,,122,IB,,,,,90,FG,,98,V3+,,50,V3+,,,,,,,,,,,,,,,,,,,
,black,low,1,5,,,,,,,,,,,,,,,,56,V3+,,86,IB,,33,V3+,,178,IB,,,,,,,,118,IB,,,,,,,,,,,128,FG,,,,,,,,67,V3+,,,,
,black,high,1,1,131,FG,,124,FG,,103,FG,,140,FG,,40,V3+,,41,V2,,115,FG,,111,FG,,,,,104,FG,,,,,,,,,,,,,,,,,,,,,,,,,,,,,,,
,black,high,1,2,86,IB,,135,FG,,,,,126,FG,,87,FG,,72,FG,,116,FG,,85,FG,,172,FG,,126,FG,,,,,,,,,,,,,,,,,,,,,,,,,,,,,,,
,black,high,1,3,119,FG,,160,FG,,118,FG,,117,FG,,94,FG,,111,FG,,,,,123,FG,,132,V3+,,,,,,,,,,,,,,,,,,,,,,,,,,,,,,,,,,
,black,high,1,4,122,IB,,114,FG,,101,FG,,,,,104,FG,,H,H,,119,FG,,157,FG,,146,FG,,119,FG,,,,,,,,,,,,,,,,,,,,,,,,,,,,,,,
,black,high,1,5,106,FG,,101,FG,,H,H,,56,V3+,,,,,132,FG,,118,IB,,120,FG,,142,FG,,149,FG,,,,,,,,,,,,,,,,,,,,,,,,,,,,,,,
,black,high,1,6,80,V3+,,81,FG,,117,FG,,123,FG,,54,V3+,,141,FG,,76,FG,,73,FG,,74,IB,,77,FG,,,,,,,,,,,,,,,,,,,,,,,,,,,,,,,
,black,high,1,7,114,FG,,136,FG,,111,FG,,140,FG,,117,FG,,114,FG,,113,FG,,109,FG,,117,FG,,156,FG,,,,,,,,,,,,,,,,,,,,,,,,,,,,,,,
,black,high,1,8,152,FG,,117,IB,,105,FG,,80,IB,,90,V3+,,123,FG,,90,FG,,,,,53,IB,,128,FG,,,,,,,,,,,,,,,,,,,,,,,,,,,,,,,
,black,high,1,9,,,,163,FG,,,,,,,,,,,126,FG,,96,FG,,136,FG,,,,,,,,,,,,,,,,,,,,,,,,,,,,,,,,,,,,,
,black,high,1,10,167,IB,,156,FG,,155,FG,,131,FG,,206,FG,,133,FG,,133,FG,,116,FG,,,,,92,IB,,,,,,,,,,,,,,,,,,,,,,,,,,,,,,,
,white,low,1,1,,,,,,,90,FG,,98,IB,,,,,,,,,,,,,,116,FG,,,,,128,FG,,91,V3+,,60,V3+,,,,,,,,149,V3+,,17,V3+,,,,,102,IB,,87,V3+,
,white,low,1,2,,,,90,V3+,,,,,,,,,,,,,,,,,147,IB,,,,,126,V3+,,,,,43,V3+,,,,,,,,137,IB,,,,,,,,164,FG,,83,FG,,,,
,white,low,1,3,,,,,,,90,V3+,,87,V3+,,,,,91,V3+,,,,,,,,112,FG,,H,H,,112,V3+,,89,V3+,,,,,,,,57,V3+,,130,V3+,,,,,,,,124,FG,,,,
,white,low,1,4,76,V3+,,124,FG,,,,,,,,,,,,,,,,,,,,58,V3+,,157,FG,,,,,76,V3+,,111,IB,,,,,,,,,,,,,,,,,80,V3+,,,,
,white,low,1,5,,,,42,V3+,,,,,76,IB,,,,,,,,99,V3+,,,,,,,,,,,71,V3+,,91,IB,,,,,,,,,,,,,,,,,113,IB,,56,V3+,,65,V3+,
,black,high,2,1,,,,,,,,,,90,V3+,,,,,,,,,,,,,,,,,,,,,,,,,,,,,,,,,,,,,,,,,,,,,,,,,
,black,high,2,2,114,V3+,,89,V3+,,57,V3,,,,,,,,H,H,,68,V3+,,,,,,,,,,,,,,,,,,,,,,,,,,,,,,,,,,,,,,,,
,black,high,2,3,51,V3+,,116,FG,,H,H,,80,IB,,156,FG,,120,FG,,,,,157,V3+,,,,,,,,,,,,,,,,,,,,,,,,,,,,,,,,,,,,,
,black,high,2,4,99,V3+,,,,,,,,56,V3+,,,,,,,,,,,,,,,,,,,,,,,,,,,,,,,,,,,,,,,,,,,,,,,,,
,black,high,2,5,105,V3+,,154,FG,,,,,69,FG,,,,,,,,,,,,,,,,,,,,,,,,,,,,,,,,,,,,,,,,,,,,,,,,,
,black,high,2,6,,,,,,,,,,,,,,,,98,IB,,123,FG,,86,IB,,,,,,,,,,,,,,,,,,,,,,,,,,,,,,,,,,,,,
,black,high,2,7,97,IB,,,,,H,H,,,,,122,FG,,,,,84,V3+,,150,FG,,126,V3+,,,,,,,,,,,,,,,,,,,,,,,,,,,,,,,,,,
,black,high,2,8,,,,,,,133,IB,,,,,,,,,,,110,FG,,,,,,,,,,,,,,,,,,,,,,,,,,,,,,,,,,,,,,,,
,black,high,2,9,141,FG,,39,V3+,,60,IB,,,,,,,,,,,,,,,,,,,,,,,,,,,,,,,,,,,,,,,,,,,,,,,,,,,,
,black,high,2,10,,,,,,,,,,,,,,,,126,V3+,,127,V3+,,,,,,,,31,V3+,,,,,,,,,,,,,,,,,,,,,,,,,,,,,,,
,white,low,2,1,69,V3+,,91,V3+,,,,,126,IB,,,,,136,V3+,,,,,117,IB,,64,V3+,,67,V3+,,114,IB,,,,,88,V3+,,36,V2,,152,V3+,,101,V3+,,217,IB,,97,V3+,,132,V3+,,156,V3+,
,white,low,2,2,38,V3+,,174,IB,,,,,,,,,,,,,,,,,151,FG,,133,V3+,,173,IB,,235,FG,,,,,101,V3+,,,,,,,,117,V3+,,24,V3+,,,,,117,V3+,,,,
,white,low,2,3,,,,,,,141,IB,,81,V3+,,,,,53,V2,,91,FG,,,,,94,V3+,,88,V3+,,100,V3+,,,,,,,,,,,,,,119,FG,,,,,,,,,,,140,V3+,
,white,low,2,4,,,,62,V3+,,,,,56,V3+,,130,V3+,,,,,130,IB,,55,V3+,,,,,68,V3+,,,,,,,,,,,,,,,,,,,,176,V3+,,206,IB,,221,FG,,111,V3+,
,white,low,2,5,,,,,,,183,IB,,,,,103,V3+,,109,V3+,,146,FG,,79,V3+,,,,,,,,,,,,,,,,,,,,,,,194,IB,,192,IB,,212,FG,,H,H,,145,V3+,
,white,high,2,1,,,,135,FG,,107,IB,,100,FG,,,,,83,V3+,,145,FG,,29,V3+,,,,,,,,,,,,,,,,,,,,,,,,,,,,,,,,,,,,,
,white,high,2,2,58,V3+,,,,,131,FG,,144,IB,,90,V3+,,139,FG,,152,IB,,171,FG,,50,V3+,,26,V2,,,,,,,,,,,,,,,,,,,,,,,,,,,,,,,
,white,high,2,3,129,FG,,80,V3+,,,,,135,V3+,,108,FG,,170,FG,,100,V3+,,,,,161,FG,,155,IB,,,,,,,,,,,,,,,,,,,,,,,,,,,,,,,
,white,high,2,4,,,,116,V3+,,128,FG,,159,FG,,120,IB,,81,V3+,,118,IB,,125,FG,,130,FG,,,,,,,,,,,,,,,,,,,,,,,,,,,,,,,,,,
,white,high,2,5,136,IB,,123,V3+,,134,FG,,113,IB,,,,,,,,84,V3+,,136,FG,,,,,,,,,,,,,,,,,,,,,,,,,,,,,,,,,,,,,
,white,high,2,6,90,V3+,,,,,150,FG,,132,FG,,90,V3+,,80,V3+,,141,FG,,115,FG,,49,V3+,,145,FG,,,,,,,,,,,,,,,,,,,,,,,,,,,,,,,
,white,high,2,7,46,V3+,,102,V3+,,33,V2,,134,FG,,38,V3+,,93,FG,,121,FG,,,,,,,,114,IB,,,,,,,,,,,,,,,,,,,,,,,,,,,,,,,
,white,high,2,8,,,,,,,,,,171,IB,,119,FG,,122,FG,,,,,,,,,,,114,FG,,,,,,,,,,,,,,,,,,,,,,,,,,,,,,,
,white,high,2,9,,,,,,,,,,87,V3+,,173,V3+,,145,IB,,103,FG,,,,,63,V3+,,66,V3+,,,,,,,,,,,,,,,,,,,,,,,,,,,,,,,
,white,high,2,10,179,FG,,,,,,,,,,,117,V3+,,92,FG,,,,,,,,,,,,,,,,,,,,,,,,,,,,,,,,,,,,,,,,,,,
,black,low,2,1,190,IB,,,,,174,IB,,,,,62,V3+,herbivory,218,FG,herbivory,78,V3+,herbivory,104,V3+,,,,,209,V3+,,,,,108,V3+,,,,,,,,,,,,,,,,,,,,,,,,,
,black,low,2,2,144,FG,,182,FG,,126,IB,,146,V3+,,,,,109,V3+,herbivory,,,,117,FG,,142,V3+,,,,,42,V3+,,151,IB,,,,,,,,,,,,,,,,,,,,,,,84,FG,
,black,low,2,3,160,IB,,169,FG,,189,IB,,158,V3+,,,,,174,IB,,,,,,,,166,IB,,147,IB,,,,,91,FG,,,,,,,,,,,,,,,,,116,V3+,,,,,,,
,black,low,2,4,60,FG,,,,,178,IB,,196,FG,,161,IB,,,,,101,V3+,,,,,,,,,,,,,,37,V3+,,,,,,,,,,,,,,,,,,,,,,,,,
,black,low,2,5,,,,157,FG,,,,,139,FG,,,,,140,IB,,,,,135,FG,,,,,148,IB,herbivory,,,,,,,,,,,,,,,,,,,212,FG,herbivory,,,,,,,,,
,white,low,3,1,,,,97,V3+,,,,,,,,39,V3+,,,,,47,V3+,,,,,172,V3+,,,,,125,V3+,,,,,,,,142,V3+,,,,,,,,,,,,,,,,,,,
,white,low,3,2,,,,,,,,,,75,V3+,,,,,,,,92,V3+,,76,V3+,,36,V3,,69,V3+,,81,V3+,,,,,86,V3+,,85,V3+,,52,V3+,,,,,38,V3,,,,,,,,,,
,white,low,3,3,,,,,,,107,V3+,,,,,,,,,,,85,V3+,,157,IB,,72,V3+,,69,V3+,,,,,,,,,,,62,V3+,,,,,70,V3+,,47,V3+,,,,,,,,,,
,white,low,3,4,134,V3+,,,,,,,,,,,,,,,,,,,,,,,,,,70,V3+,,42,V3+,,,,,,,,,,,,,,,,,,,,,,,,,,69,V3+,
,white,low,3,5,,,,,,,,,,,,,,,,,,,,,,,,,49,V3+,,65,V3+,,,,,,,,127,V3+,,,,,,,,,,,,,,85,V3+,,,,,42,V3+,
,black,low,3,1,,,,88,V3+,,40,V3+,,107,V3+,,176,IB,,,,,,,,,,,,,,,,,,,,,,,,,,,,,,,,,,,,,,,,,,,,,,
,black,low,3,2,,,,,,,,,,166,V3+,,85,V3+,,,,,,,,202,FG,,,,,116,V3+,,,,,,,,,,,,,,,,,,,,,,,,,,186,V3+,,,,
,black,low,3,3,,,,,,,,,,,,,,,,,,,,,,,,,114,V3+,,,,,,,,H,H,,,,,,,,,,,,,,99,FG,,,,,,,,,,
,black,low,3,4,,,,,,,,,,,,,,,,,,,,,,,,,,,,,,,192,V3+,,,,,,,,,,,,,,,,,,,,,,,,,,,,
,black,low,3,5,,,,,,,,,,,,,,,,,,,,,,92,V3+,,,,,,,,,,,,,,,,,,,,,,,,,,,,,,,,,,,,,
,white,high,3,1,,,,,,,,,,61,V3+,,,,,,,,,,,,,,,,,,,,,,,,,,,,,,,,,,,,,,,,,,,,,,,,,
,white,high,3,2,48,IB,,,,,,,,40,V3+,,,,,,,,139,FG,,,,,,,,,,,,,,,,,,,,,,,,,,,,,,,,,,,,,,,,
,white,high,3,3,102,V3+,,158,FG,,112,FG,,,,,144,IB,,100,V3+,,60,V3+,,,,,59,V3+,,,,,,,,,,,,,,,,,,,,,,,,,,,,,,,,,,
,white,high,3,4,,,,,,,,,,68,V3+,,126,V3+,,,,,,,,,,,94,V3+,,29,V2,,,,,,,,,,,,,,,,,,,,,,,,,,,,,,,
,white,high,3,5,126,FG,,,,,,,,115,V3+,,177,FG,,111,FG,,,,,,,,53,V3+,herbivory,,,,,,,,,,,,,,,,,,,,,,,,,,,,,,,,,
,white,high,3,6,172,FG,,,,,82,V3+,,,,,123,FG,,151,IB,,137,IB,,,,,146,FG,,,,,,,,,,,,,,,,,,,,,,,,,,,,,,,,,,
,white,high,3,7,44,V3+,,76,V3+,,,,,160,FG,,,,,101,V3+,,,,,158,IB,,45,V3+,herbivory,78,V3+,,,,,,,,,,,,,,,,,,,,,,,,,,,,,,,
,white,high,3,8,,,,,,,,,,,,,83,V3+,,,,,,,,,,,60,V3+,,,,,,,,,,,,,,,,,,,,,,,,,,,,,,,,,,
,white,high,3,9,59,IB,,,,,51,V3+,,,,,110,IB,,102,FG,,76,V3+,,126,FG,,,,,25,V2,,,,,,,,,,,,,,,,,,,,,,,,,,,,,,,
,white,high,3,10,,,,,,,,,,104,V3+,,107,V3+,,,,,,,,75,V3+,,,,,,,,,,,,,,,,,,,,,,,,,,,,,,,,,,,,,
,black,high,3,1,,,,,,,,,,,,,,,,155,FG,,,,,,,,124,IB,,97,IB,,,,,,,,,,,,,,,,,,,,,,,,,,,,,,,
,black,high,3,2,,,,,,,,,,,,,,,,94,V3+,,120,IB,,75,V3+,,98,V3+,,,,,,,,,,,,,,,,,,,,,,,,,,,,,,,,,,
,black,high,3,3,,,,167,IB,,,,,98,V3+,,,,,127,FG,,148,FG,,,,,112,V3+,,143,FG,,,,,,,,,,,,,,,,,,,,,,,,,,,,,,,
,black,high,3,4,114,V3+,,,,,159,FG,,86,IB,,114,FG,,45,V3,,103,V3+,,,,,86,V3+,,114,FG,,,,,,,,,,,,,,,,,,,,,,,,,,,,,,,
,black,high,3,5,,,,,,,H,H,,,,,131,IB,,,,,94,FG,,,,,130,FG,,124,FG,,,,,,,,,,,,,,,,,,,,,,,,,,,,,,,
,black,high,3,6,,,,,,,102,FG,,,,,81,V3+,,,,,,,,131,FG,,72,V3+,,132,FG,,,,,,,,,,,,,,,,,,,,,,,,,,,,,,,
,black,high,3,7,,,,,,,191,FG,,131,IB,,,,,46,V3+,,50,IB,,,,,88,V3+,,91,V3+,,,,,,,,,,,,,,,,,,,,,,,,,,,,,,,
,black,high,3,8,,,,139,FG,,93,V3+,,80,V3+,,115,FG,,,,,167,FG,,,,,39,V2,,148,V3+,,,,,,,,,,,,,,,,,,,,,,,,,,,,,,,
,black,high,3,9,155,V3+,,139,FG,,110,V3+,,121,V3+,,105,FG,,110,V3+,,,,,,,,,,,,,,,,,,,,,,,,,,,,,,,,,,,,,,,,,,,
,black,high,3,10,175,FG,,,,,139,IB,,,,,105,V3+,,120,FG,,,,,,,,,,,90,V3+,,,,,,,,,,,,,,,,,,,,,,,,,,,,,,,
,black,high,4,1,,,,131,IB,,,,,,,,126,FG,,,,,,,,,,,,,,35,V2,,,,,,,,,,,,,,,,,,,,,,,,,,,,,,,
,black,high,4,2,,,,,,,127,FG,,,,,91,V3+,,,,,,,,,,,84,FG,,83,FG,,,,,,,,,,,,,,,,,,,,,,,,,,,,,,,
,black,high,4,3,,,,171,IB,,,,,,,,105,FG,,167,FG,,93,V3+,,177,FG,,90,FG,,,,,,,,,,,,,,,,,,,,,,,,,,,,,,,,,,
,black,high,4,4,,,,,,,,,,,,,,,,103,FG,,140,IB,,135,IB,,,,,126,FG,,,,,,,,,,,,,,,,,,,,,,,,,,,,,,,
,black,high,4,5,,,,127,FG,,,,,,,,130,FG,,H,H,,102,IB,,136,FG,,176,FG,,95,V3+,,,,,,,,,,,,,,,,,,,,,,,,,,,,,,,
,black,high,4,6,,,,47,V3+,,154,FG,,,,,,,,164,FG,,,,,106,FG,,,,,,,,,,,,,,,,,,,,,,,,,,,,,,,,,,,,,
,black,high,4,7,,,,,,,,,,,,,,,,52,V3+,,,,,,,,,,,156,FG,,,,,,,,,,,,,,,,,,,,,,,,,,,,,,,
,black,high,4,8,86,V3+,,109,V3+,,H,H,,114,FG,,121,FG,,96,V3+,,,,,,,,,,,,,,,,,,,,,,,,,,,,,,,,,,,,,,,,,,,
,black,high,4,9,,,,,,,,,,,,,92,IB,,,,,162,IB,,,,,,,,,,,,,,,,,,,,,,,,,,,,,,,,,,,,,,,,
,black,high,4,10,,,,,,,,,,,,,,,,,,,,,,,,,,,,,,,,,,,,,,,,,,,,,,,,,,,,,,,,,,,,
,black,low,4,1,,,,,,,,,,,,,,,,,,,,,,,,,73,V3+,,,,,,,,,,,,,,119,V3+,,,,,250,FG,,108,V3+,,,,,,,,,,
,black,low,4,2,167,FG,,,,,188,FG,,42,IB,,51,V3+,,92,V3+,,,,,,,,,,,180,V3+,,,,,172,FG,,,,,,,,,,,,,,154,V3+,,162,FG,,,,,,,
,black,low,4,3,56,V3+,,,,,,,,,,,,,,,,,,,,,,,,,,,,,,,,,,,39,V3+,,,,,,,,,,,,,,,,,,,,,,
,black,low,4,4,,,,,,,,,,,,,,,,,,,,,,,,,,,,,,,,,,,,,,,,,,,,,,,,,125,IB,,,,,190,FG,,,,
,black,low,4,5,,,,,,,,,,,,,,,,98,V3+,,106,V3+,,,,,,,,,,,170,IB,,,,,,,,,,,,,,,,,,,,,,,,,,,,
,white,low,4,1,,,,,,,221,IB,,,,,,,,,,,108,V3+,,130,V3+,,,,,,,,,,,,,,,,,,,,,,,135,V3+,,,,,,,,,,,,,
,white,low,4,2,,,,,,,113,V3+,,,,,92,V3+,,137,V3+,,,,,,,,,,,165,FG,,,,,,,,,,,,,,34,V3+,,,,,92,V3+,,,,,,,,,,
,white,low,4,3,92,V3+,,,,,,,,,,,,,,,,,,,,,,,,,,,,,34,V3+,,103,V3+,,,,,100,V3+,,,,,190,IB,,,,,,,,,,,,,
,white,low,4,4,,,,,,,198,V3+,,,,,63,IB,,,,,,,,,,,,,,,,,,,,,,,,,,96,V3+,,,,,,,,,,,105,V3+,,137,IB,,,,
,white,low,4,5,86,V3+,,95,V3+,,,,,,,,,,,80,V3+,,,,,,,,,,,,,,28,V3+,,,,,,,,33,V3+,,,,,,,,83,V3+,,,,,,,,93,V3+,
,white,high,4,1,117,IB,,119,V3+,,18,V2,,107,V3+,,,,,,,,,,,93,V3+,,,,,,,,,,,,,,,,,,,,,,,,,,,,,,,,,,,,,
,white,high,4,2,117,V3+,,52,V3+,,129,FG,,,,,130,IB,,115,IB,,143,V3+,,159,FG,,,,,,,,,,,,,,,,,,,,,,,,,,,,,,,,,,,,,
,white,high,4,3,81,V3+,,,,,41,V3+,,116,FG,,95,IB,,121,FG,,,,,67,V3+,,138,IB,,,,,,,,,,,,,,,,,,,,,,,,,,,,,,,,,,
,white,high,4,4,97,V3+,,143,FG,,127,V3+,,47,V3+,,117,FG,,110,FG,,,,,,,,,,,,,,,,,,,,,,,,,,,,,,,,,,,,,,,,,,,
,white,high,4,5,151,V3+,,138,FG,,120,V3+,,141,V3+,,70,V3+,,,,,,,,,,,181,IB,herbivory,,,,,,,,,,,,,,,,,,,,,,,,,,,,,,,,,
,white,high,4,6,177,IB,,42,V3+,,120,V3+,,,,,26,V2,,,,,,,,51,FG,,,,,,,,,,,,,,,,,,,,,,,,,,,,,,,,,,,,,
,white,high,4,7,128,V3+,,H,H,,,,,55,V3+,,,,,,,,,,,99,V3+,,117,FG,,,,,,,,,,,,,,,,,,,,,,,,,,,,,,,,,,
,white,high,4,8,162,FG,,123,IB,,146,IB,,,,,180,IB,,,,,83,V3+,,,,,,,,,,,,,,,,,,,,,,,,,,,,,,,,,,,,,,,,
,white,high,4,9,153,FG,,134,FG,,,,,230,IB,,,,,,,,112,V3+,,41,V3+,,,,,,,,,,,,,,,,,,,,,,,,,,,,,,,,,,,,,
,white,high,4,10,165,FG,,,,,,,,112,IB,,134,IB,,180,IB,,101,V3+,,,,,,,,,,,,,,,,,,,,,,,,,,,,,,,,,,,,,,,,
,black,low,5,1,,,,,,,,,,,,,200,FG,,100,IB,,123,V3+,,134,V3+,,,,,156,V3+,,,,,,,,,,,222,FG,,,,,,,,102,FG,,,,,,,,,,
,black,low,5,2,,,,65,V3+,,132,FG,,171,FG,,,,,,,,156,V3+,,,,,,,,,,,152,IB,,174,V3+,,,,,,,,227,FG,,,,,,,,102,V3+,,177,FG,,,,
,black,low,5,3,,,,140,V3+,,,,,101,FG,,139,V3+,,,,,,,,,,,193,IB,,,,,,,,,,,,,,,,,,,,,,,,,,,,,,,,,,
,black,low,5,4,108,V3+,,,,,,,,115,IB,,,,,,,,,,,,,,,,,209,FG,,205,IB,,,,,,,,,,,,,,,,,,,,,,,171,FG,,,,
,black,low,5,5,,,,,,,,,,82,V3+,,76,V3+,,,,,264,IB,,234,FG,,,,,191,IB,,,,,,,,,,,,,,,,,,,,,,,,,,,,,,,
,white,low,5,1,,,,,,,,,,,,,,,,102,V3+,,,,,,,,,,,108,V3+,,,,,,,,,,,,,,,,,,,,89,V3+,,,,,,,,,,
,white,low,5,2,,,,,,,76,V3+,,,,,,,,,,,,,,,,,,,,,,,,,,,,,,,,,,,90,V3+,herbivory,69,V3+,herbivory,,,,,,,,,,,,
,white,low,5,3,,,,58,V3+,,,,,115,V3+,,,,,,,,,,,103,V3+,,133,V3+,,,,,,,,,,,,,,,,,,,,,,,,,,,,,,,,,,
,white,low,5,4,,,,,,,,,,,,,81,V3+,,,,,,,,145,V3+,herbivory,,,,119,V3+,herbivory,,,,,,,,,,,,,77,V3+,,,,,,,,140,V3+,herbivory,,,,,,
,white,low,5,5,,,,,,,,,,,,,,,,,,,82,IB,,,,,107,V3+,herbivory,,,,,,,,,,112,V3+,,113,V3+,,,,,,,,,,,,,,,,,,,
,white,high,5,1,160,IB,,,,,,,,,,,,,,,,,,,,,,,267,FG,,,,,,,,,,,,,,,,,,,,,,,,,,,,,,,,,,
,white,high,5,2,,,,164,FG,,,,,136,V3+,,,,,130,V3+,,,,,77,V3+,,168,FG,,188,FG,herbivory,,,,,,,,,,,,,,,,,,,,,,,,,,,,,,
,white,high,5,3,,,,,,,109,V3+,,,,,78,FG,,163,V3+,herbivory,,,,,,,76,V3+,herbivory,202,FG,,,,,,,,,,,,,,,,,,,,,,,,,,,,,,,
,white,high,5,4,75,V3+,,,,,,,,,,,155,FG,,,,,168,IB,,,,,217,V3+,,102,V3+,herbivory,,,,,,,,,,,,,,,,,,,,,,,,,,,,,,
,white,high,5,5,,,,117,FG,,225,FG,,,,,,,,128,V3+,,,,,,,,54,V3+,herbivory,175,V3+,herbivory,,,,,,,,,,,,,,,,,,,,,,,,,,,,,,
,white,high,5,6,,,,218,FG,,,,,,,,,,,152,IB,,15,V2,,150,FG,,93,V3+,herbivory,127,V3+,herbivory,,,,,,,,,,,,,,,,,,,,,,,,,,,,,,
,white,high,5,7,,,,,,,,,,96,IB,,,,,144,V3+,,129,FG,,199,FG,,,,,29,V3+,,,,,,,,,,,,,,,,,,,,,,,,,,,,,,,
,white,high,5,8,,,,,,,,,,,,,,,,62,V3+,,123,V3+,,,,,78,V3+,herbivory,128,FG,herbivory,,,,,,,,,,,,,,,,,,,,,,,,,,,,,,
,white,high,5,9,,,,,,,,,,,,,,,,,,,,,,98,V3+,,154,IB,,77,V3+,herbivory,,,,,,,,,,,,,,,,,,,,,,,,,,,,,,
,white,high,5,10,172,FG,,194,FG,,15,V2,,,,,38,V2,,,,,,,,,,,,,,,,,,,,,,,,,,,,,,,,,,,,,,,,,,,,,,
,black,high,5,1,167,FG,,191,FG,,151,IB,,110,FG,,58,FG,,,,,,,,,,,,,,111,FG,,,,,,,,,,,,,,,,,,,,,,,,,,,,,,,
,black,high,5,2,162,FG,,134,FG,,28,V3+,,,,,173,FG,,93,FG,,,,,184,FG,,158,FG,,143,FG,,,,,,,,,,,,,,,,,,,,,,,,,,,,,,,
,black,high,5,3,202,FG,,182,FG,,145,FG,,137,FG,,160,FG,,124,FG,,H,H,,127,IB,,111,FG,,153,FG,,,,,,,,,,,,,,,,,,,,,,,,,,,,,,,
,black,high,5,4,179,FG,,153,FG,,H,H,,190,FG,,72,V3+,,117,FG,,169,FG,,143,FG,,144,FG,,121,FG,,,,,,,,,,,,,,,,,,,,,,,,,,,,,,,
,black,high,5,5,156,FG,,87,FG,,110,FG,,,,,,,,112,FG,,114,FG,,,,,93,V3+,,124,IB,,,,,,,,,,,,,,,,,,,,,,,,,,,,,,,
,black,high,5,6,212,FG,,180,FG,,201,FG,,140,FG,,86,V3+,,124,FG,,162,FG,,,,,,,,,,,,,,,,,,,,,,,,,,,,,,,,,,,,,,,,
,black,high,5,7,,,,147,FG,,83,FG,,86,V3+,,121,V3+,,109,FG,,111,V3+,,26,V2,,,,,136,FG,,,,,,,,,,,,,,,,,,,,,,,,,,,,,,,
,black,high,5,8,174,FG,,132,FG,,137,FG,,124,FG,,107,IB,,143,FG,,156,FG,,77,V3+,,114,FG,,140,FG,,,,,,,,,,,,,,,,,,,,,,,,,,,,,,,
,black,high,5,9,178,FG,,189,FG,,165,FG,,187,FG,,127,FG,,155,FG,,142,FG,,84,V3+,,98,IB,,105,FG,,,,,,,,,,,,,,,,,,,,,,,,,,,,,,,
,black,high,5,10,174,FG,,198,FG,,160,FG,,141,IB,,84,FG,,126,FG,,116,FG,,77,V3+,,131,FG,,108,FG,,,,,,,,,,,,,,,,,,,,,,,,,,,,,,,
,white,low,6,1,143,FG,,,,,,,,,,,68,V3+,herbivory,,,,65,V3+,herbivory,,,,113,V3+,,72,V3+,,,,,92,IB,,47,V3+,,29,V2,,55,V3+,,108,IB,,,,,57,V3+,,,,,,,
,white,low,6,2,64,V3+,,102,IB,,,,,110,IB,,,,,,,,46,V3+,,,,,,,,,,,50,V3+,,145,IB,,93,FG,,167,IB,,,,,24,V2,,74,V3+,,71,V3+,,,,,61,V3+,
,white,low,6,3,,,,82,V3+,,,,,60,V3+,,113,FG,,,,,,,,,,,75,V3+,,,,,123,V3+,,,,,,,,,,,93,V3+,,74,V3+,,103,IB,,,,,58,V3+,,95,V3+,
,white,low,6,4,,,,27,V3+,,,,,,,,66,V3+,,156,IB,,,,,,,,,,,,,,,,,,,,66,V3+,,,,,140,FG,,140,V3+,,,,,86,IB,,96,IB,,46,V3,
,white,low,6,5,47,V3+,,,,,,,,,,,,,,,,,,,,,,,130,V3+,,157,IB,,122,V3+,,104,V3+,,,,,145,FG,,,,,78,V3+,,60,V3+,,,,,160,V3+,,66,V3+,
,black,low,6,1,131,IB,,,,,,,,,,,,,,85,V3+,,254,FG,,109,V3+,,,,,,,,,,,,,,207,IB,,,,,,,,,,,,,,,,,156,FG,,,,
,black,low,6,2,,,,,,,145,FG,,118,IB,,108,IB,,97,V3+,,,,,,,,,,,,,,159,IB,,146,FG,,,,,202,V3+,,169,V3+,,,,,,,,,,,,,,,,
,black,low,6,3,,,,,,,,,,,,,,,,,,,,,,,,,174,V3+,,,,,,,,180,IB,,,,,,,,,,,,,,,,,,,,149,IB,,,,
,black,low,6,4,,,,,,,,,,,,,,,,150,FG,,,,,,,,,,,,,,211,FG,,,,,,,,,,,,,,,,,,,,,,,,,,,,
,black,low,6,5,,,,,,,,,,,,,,,,,,,,,,,,,238,FG,,,,,,,,,,,,,,,,,,,,,,,,,,,,,,,,,,
,black,high,6,1,,,,191,FG,,,,,136,FG,,126,FG,,235,IB,,255,FG,,221,FG,,256,FG,,H,H,,,,,,,,,,,,,,,,,,,,,,,,,,,,,,,
,black,high,6,2,180,FG,,146,FG,,184,FG,,215,FG,,191,FG,,161,FG,,203,FG,,201,FG,,,,,223,FG,,,,,,,,,,,,,,,,,,,,,,,,,,,,,,,
,black,high,6,3,198,IB,,201,FG,,,,,143,FG,,158,FG,,,,,221,FG,,235,FG,,133,FG,,238,FG,,,,,,,,,,,,,,,,,,,,,,,,,,,,,,,
,black,high,6,4,,,,190,IB,,170,FG,,,,,,,,186,FG,,197,FG,,218,FG,,165,FG,,219,FG,,,,,,,,,,,,,,,,,,,,,,,,,,,,,,,
,black,high,6,5,,,,154,FG,,,,,148,FG,,,,,,,,,,,,,,121,V3+,,160,IB,,,,,,,,,,,,,,,,,,,,,,,,,,,,,,,
,black,high,6,6,120,FG,,152,IB,,151,IB,,,,,104,FG,,163,FG,,,,,180,FG,,109,FG,,254,FG,,,,,,,,,,,,,,,,,,,,,,,,,,,,,,,
,black,high,6,7,150,FG,,,,,186,FG,,,,,,,,171,FG,,126,FB,,118,FG,,155,FG,,,,,,,,,,,,,,,,,,,,,,,,,,,,,,,,,,
,black,high,6,8,255,FG,,179,FG,,168,FG,,95,V3+,,194,FG,,163,FG,,207,FG,,,,,168,FG,,201,FG,,,,,,,,,,,,,,,,,,,,,,,,,,,,,,,
,black,high,6,9,165,FG,,,,,180,V3+,,168,FG,,190,FG,,163,FG,,194,FG,,38,V3+,,185,FG,,H,H,,,,,,,,,,,,,,,,,,,,,,,,,,,,,,,
,black,high,6,10,167,FG,,H,H,,169,FG,,191,FG,,201,FG,,193,FG,,164,IB,,167,FG,,169,FG,,272,FG,,,,,,,,,,,,,,,,,,,,,,,,,,,,,,,
,white,high,6,1,176,FG,,,,,,,,,,,,,,,,,119,V3+,,54,V3,,227,FG,,139,V3+,,,,,,,,,,,,,,,,,,,,,,,,,,,,,,,
,white,high,6,2,124,IB,,124,V3+,,199,FG,,151,FG,,213,FG,,156,IB,,131,IB,,175,FG,,139,V3+,,,,,,,,,,,,,,,,,,,,,,,,,,,,,,,,,,
,white,high,6,3,44,V3+,,,,,230,FG,,138,FG,,99,FB,,123,FG,,154,FG,,,,,188,FG,,142,V3+,,,,,,,,,,,,,,,,,,,,,,,,,,,,,,,
,white,high,6,4,,,,220,FG,,139,V3+,,171,FG,,139,IB,,,,,170,FG,,157,IB,,,,,96,V3+,,,,,,,,,,,,,,,,,,,,,,,,,,,,,,,
,white,high,6,5,211,FG,,,,,,,,106,V3+,,155,V3+,,,,,133,IB,,185,FG,,212,FG,,157,IB,,,,,,,,,,,,,,,,,,,,,,,,,,,,,,,
,white,high,6,6,188,FG,,,,,,,,98,V3+,,183,FG,,154,FG,,196,FG,,229,FG,,176,FG,,197,V3+,herbivory,,,,,,,,,,,,,,,,,,,,,,,,,,,,,,
,white,high,6,7,144,FG,,186,FG,,191,FG,,232,FG,,208,FG,,,,,120,V3+,,196,IB,,,,,166,FG,,,,,,,,,,,,,,,,,,,,,,,,,,,,,,,
,white,high,6,8,,,,190,V3+,,,,,242,FG,,167,FG,,183,V3+,,204,FG,,,,,156,FG,,25,V3,,,,,,,,,,,,,,,,,,,,,,,,,,,,,,,
,white,high,6,9,,,,202,FG,,180,IB,,,,,196,FG,,,,,,,,143,FG,,216,FG,,136,IB,,,,,,,,,,,,,,,,,,,,,,,,,,,,,,,
,white,high,6,10,,,,,,,,,,156,V3+,,224,FG,,,,,,,,112,FG,,190,IB,,,,,,,,,,,,,,,,,,,,,,,,,,,,,,,,,,
,black,high,7,1,,,,,,,,,,192,FG,,156,FG,,186,FG,,116,IB,,,,,,,,,,,,,,,,,,,,,,,,,,,,,,,,,,,,,,,,
,black,high,7,2,205,FG,,,,,158,V3+,,195,FG,,49,V3+,,218,FG,,177,FG,,164,FG,,,,,,,,,,,,,,,,,,,,,,,,,,,,,,,,,,,,,
,black,high,7,3,104,FG,,,,,,,,205,FG,,267,FG,,164,FG,,223,FG,,220,FG,,,,,164,IB,,,,,,,,,,,,,,,,,,,,,,,,,,,,,,,
,black,high,7,4,,,,277,V3+,,,,,191,FG,,162,FG,,,,,217,FG,,171,FG,,192,FG,,214,FG,,,,,,,,,,,,,,,,,,,,,,,,,,,,,,,
,black,high,7,5,252,IB,,164,FG,,200,FG,,207,FG,,82,IB,,120,FB,,182,FG,,H,H,,222,FG,,163,FG,,,,,,,,,,,,,,,,,,,,,,,,,,,,,,,
,black,high,7,6,211,FG,,176,FG,,306,FG,,214,FG,,171,FG,,162,FG,,128,IB,,237,FG,,,,,198,FG,,,,,,,,,,,,,,,,,,,,,,,,,,,,,,,
,black,high,7,7,166,FG,,240,FG,,,,,201,FG,,182,FG,,215,FG,,196,FG,,224,FG,,131,FG,,,,,,,,,,,,,,,,,,,,,,,,,,,,,,,,,,
,black,high,7,8,168,FG,,,,,213,FG,,166,FG,,161,FG,,,,,190,FG,,191,FG,,223,FG,,,,,,,,,,,,,,,,,,,,,,,,,,,,,,,,,,
,black,high,7,9,181,FG,,202,FG,,,,,203,FG,,165,FB,,215,FG,,,,,186,FG,,262,FG,,197,FG,,,,,,,,,,,,,,,,,,,,,,,,,,,,,,,
,black,high,7,10,,,,,,,186,IB,,,,,87,IB,,203,FG,,226,FG,,,,,44,FG,,,,,,,,,,,,,,,,,,,,,,,,,,,,,,,,,,
,black,low,7,1,,,,,,,,,,,,,103,V3+,,,,,247,IB,,,,,,,,187,V3+,,161,FG,,,,,183,FG,,,,,,,,,,,,,,,,,,,,,,
,black,low,7,2,132,V3+,,,,,,,,152,IB,,,,,224,FG,,,,,,,,,,,,,,134,V3+,,,,,,,,,,,,,,,,,,,,,,,,,,,,
,black,low,7,3,,,,,,,,,,154,FG,herbivory,,,,,,,135,V3+,,,,,,,,,,,,,,,,,,,,,,,,,,,,,,,,,,,,,,,,
,black,low,7,4,175,FG,,,,,,,,,,,,,,193,IB,,,,,199,IB,,186,FG,,,,,201,IB,,,,,,,,,,,,,,149,FG,,,,,,,,,,,,,
,black,low,7,5,,,,187,FG,,196,IB,,,,,,,,,,,,,,,,,,,,,,,,,,182,IB,,,,,,,,157,V3+,,,,,,,,,,,,,,,,
,white,high,7,1,,,,223,FG,,,,,154,FG,,164,IB,,,,,116,FG,,82,V3+,,,,,,,,,,,,,,,,,,,,,,,,,,,,,,,,,,,,,
,white,high,7,2,158,FG,,173,FG,,195,FG,,242,FG,,310,FG,,110,FG,,,,,234,FG,,190,FG,,143,FG,,,,,,,,,,,,,,,,,,,,,,,,,,,,,,,
,white,high,7,3,137,FG,,73,V3+,,201,FG,,,,,217,FG,,68,V1,,185,FG,,192,FG,,175,IB,,80,FG,,,,,,,,,,,,,,,,,,,,,,,,,,,,,,,
,white,high,7,4,168,FG,,,,,,,,,,,60,V3,,157,IB,,,,,220,FG,,235,FG,,240,FG,,,,,,,,,,,,,,,,,,,,,,,,,,,,,,,
,white,high,7,5,192,FG,,,,,115,V3+,,,,,122,FG,,117,FG,,226,FG,,,,,167,FG,,197,FG,,,,,,,,,,,,,,,,,,,,,,,,,,,,,,,
,white,high,7,6,155,V3+,,209,FG,,159,FG,,98,FG,herbivory,140,V3+,,194,FG,,225,FG,,220,FG,,169,IB,,214,FG,,,,,,,,,,,,,,,,,,,,,,,,,,,,,,,
,white,high,7,7,,,,,,,,,,245,FG,,200,FG,,237,FG,,181,FG,,145,FG,seed head lost,192,IB,,164,FG,,,,,,,,,,,,,,,,,,,,,,,,,,,,,,,
,white,high,7,8,,,,,,,186,FG,,,,,140,FG,,186,IB,,69,FB,,191,FG,,216,V3+,,,,,,,,,,,,,,,,,,,,,,,,,,,,,,,,,,
,white,high,7,9,,,,109,V3+,,,,,,,,189,FG,,,,,,,,,,,230,FG,,121,IB,,,,,,,,,,,,,,,,,,,,,,,,,,,,,,,
,white,high,7,10,152,FG,,209,FG,,241,FG,,143,IB,,86,FG,herbivory,,,,149,IB,,132,V3+,,168,IB,,99,V3+,,,,,,,,,,,,,,,,,,,,,,,,,,,,,,,
,white,low,7,1,,,,,,,,,,,,,188,V3+,,,,,,,,,,,,,,,,,107,V3+,herbivory,,,,,,,,,,,,,63,V3,,,,,160,IB,,,,,,,
,white,low,7,2,,,,,,,,,,,,,,,,107,V3+,,,,,,,,,,,,,,189,FG,herbivory,,,,108,V3+,,,,,,,,,,,125,V3+,,,,,,,,,,
,white,low,7,3,92,V3+,,,,,,,,75,V3+,herbivory,151,V3+,,,,,,,,,,,193,V3+,herbivory,,,,,,,,,,,,,,,,,,,,,,,,,,,,140,V3+,,105,V3+,
,white,low,7,4,,,,116,V3+,,,,,,,,,,,201,FG,herbivory,104,V3+,,,,,,,,,,,,,,265,FG,,191,FG,,,,,,,,,,,,,,117,V3+,,,,,,,
,white,low,7,5,,,,,,,,,,,,,,,,,,,,,,,,,,,,,,,,,,,,,,,,44,V3+,,,,,,,,,,,,,,105,V3+,,,,
,black,low,8,1,122,V3+,,,,,,,,,,,,,,,,,,,,242,FG,,,,,,,,,,,,,,,,,,,,,,,,,,,,,,,,,,,,,
,black,low,8,2,247,IB,,98,V3+,,,,,,,,,,,,,,253,FG,,,,,305,FG,,,,,,,,232,IB,,88,V3+,,,,,,,,90,V3+,,,,,,,,,,,,,
,black,low,8,3,226,FG,,201,V3+,,,,,135,V3+,,,,,,,,344,FG,,168,V3+,,,,,,,,,,,289,FG,,,,,,,,,,,290,IB,,155,V3+,,,,,,,,,,
,black,low,8,4,,,,190,FG,,,,,,,,260,FG,,,,,,,,166,FG,,,,,,,,,,,,,,,,,235,FG,,265,FG,,,,,,,,,,,,,,,,
,black,low,8,5,261,FG,,141,FG,,213,FG,,236,FG,,,,,,,,,,,233,FG,,,,,,,,,,,,,,173,V3+,,188,V3+,,65,V3+,,,,,,,,,,,,,,,,
,black,high,8,1,,,,,,,,,,181,IB,,,,,,,,,,,,,,,,,,,,,,,,,,,,,,,,,,,,,,,,,,,,,,,,,
,black,high,8,2,,,,217,FG,,169,FG,,,,,210,FG,,,,,,,,,,,,,,157,IB,,,,,,,,,,,,,,,,,,,,,,,,,,,,,,,
,black,high,8,3,,,,,,,185,FG,,138,FG,,,,,,,,98,FG,,,,,,,,,,,,,,,,,,,,,,,,,,,,,,,,,,,,,,,,
,black,high,8,4,,,,,,,152,IB,,,,,,,,,,,117,FG,,,,,,,,,,,,,,,,,,,,,,,,,,,,,,,,,,,,,,,,
,black,high,8,5,180,FG,,,,,,,,,,,,,,,,,65,V3+,,,,,,,,,,,,,,,,,,,,,,,,,,,,,,,,,,,,,,,,
,black,high,8,6,,,,,,,,,,,,,,,,,,,,,,,,,124,V3+,,,,,,,,,,,,,,,,,,,,,,,,,,,,,,,,,,
,black,high,8,7,,,,,,,,,,,,,183,FG,,,,,,,,,,,,,,167,IB,,,,,,,,,,,,,,,,,,,,,,,,,,,,,,,
,black,high,8,8,,,,,,,,,,,,,,,,162,FG,,,,,,,,,,,,,,,,,,,,,,,,,,,,,,,,,,,,,,,,,,,
,black,high,8,9,,,,,,,,,,,,,,,,,,,152,IB,,,,,,,,,,,,,,,,,,,,,,,,,,,,,,,,,,,,,,,,
,black,high,8,10,,,,,,,,,,,,,,,,,,,,,,,,,,,,,,,,,,,,,,,,,,,,,,,,,,,,,,,,,,,,
,white,low,8,1,,,,,,,119,V3+,herbivory,99,FG,,,,,150,IB,,,,,68,V3+,,,,,,,,66,V3+,,159,FG,,,,,,,,,,,,,,,,,,,,163,FG,,,,
,white,low,8,2,,,,147,FG,herbivory,99,FG,,77,V3+,,76,V3+,,,,,,,,,,,,,,,,,,,,,,,,,,,,,,,,116,IB,,,,,,,,,,,,,
,white,low,8,3,112,FG,,88,V3+,herbivory,,,,54,V3+,herbivory,114,IB,,83,V3+,,64,V3+,,,,,,,,30,V3+,,36,V2,,119,FG,,,,,,,,,,,51,V3+,,12,V2,,,,,,,,75,FG,
,white,low,8,4,,,,87,V3+,,57,FG,"herbivory, only seed head gone",,,,66,V3+,,,,,67,V3+,,,,,60,V3+,,,,,,,,,,,,,,,,,,,,,,,,,,,,,,,,,,
,white,low,8,5,,,,,,,,,,,,,,,,20,V2,,152,FG,herbivory,52,V3+,,70,V3+,,,,,,,,,,,,,,,,,,,,,,,,,,,,,,,,,,
,white,high,8,1,116,FG,,,,,,,,,,,,,,,,,,,,154,IB,,,,,,,,,,,,,,,,,,,,,,,,,,,,,,,,,,,,,
,white,high,8,2,210,V3+,,175,FG,,,,,,,,,,,175,V3+,herbivory,179,FG,,,,,143,FG,,?,?,?,,,,,,,,,,,,,,,,,,,,,,,,,,,,,,
,white,high,8,3,46,V3+,herbivory,85,V3+,herbivory,,,,166,FG,,127,V3+,,254,FG,herbivory,,,,,,,,,,,,,,,,,,,,,,,,,,,,,,,,,,,,,,,,,,
,white,high,8,4,,,,,,,223,FG,herbivory,,,,107,FG,,131,FG,herbivory,,,,,,,215,FG,,,,,,,,,,,,,,,,,,,,,,,,,,,,,,,,,,
,white,high,8,5,,,,89,IB,,98,V3+,herbivory,216,IB,,,,,,,,,,,,,,175,FG,,,,,,,,,,,,,,,,,,,,,,,,,,,,,,,,,,
,white,high,8,6,196,FG,,79,V3+,herbivory,148,IB,,141,FG,,199,FG,,,,,,,,,,,,,,191,FG,,,,,,,,,,,,,,,,,,,,,,,,,,,,,,,
,white,high,8,7,171,FG,,166,FG,,180,IB,,166,V3+,,222,FG,,,,,,,,31,V3+,,,,,,,,,,,,,,,,,,,,,,,,,,,,,,,,,,,,,
,white,high,8,8,,,,,,,,,,110,V3+,,121,FG,,,,,,,,,,,272,FG,,,,,,,,,,,,,,,,,,,,,,,,,,,,,,,,,,
,white,high,8,9,,,,,,,,,,,,,,,,,,,,,,253,IB,,200,IB,,186,FG,,,,,,,,,,,,,,,,,,,,,,,,,,,,,,,
,white,high,8,10,91,IB,herbivory,,,,,,,150,V3+,,124,IB,,,,,,,,,,,,,,,,,,,,,,,,,,,,,,,,,,,,,,,,,,,,,,
,white,high,9,1,,,,,,,,,,,,,,,,,,,,,,,,,,,,,,,,,,,,,,,,,,,,,,,,,,,,,,,,,,,,
,white,high,9,2,,,,,,,,,,228,FG,,,,,,,,24,V3+,,,,,,,,,,,,,,,,,,,,,,,,,,,,,,,,,,,,,,,,
,white,high,9,3,,,,,,,160,V3+,herbivory,,,,,,,,,,,,,,,,,,,,,,,,,,,,,,,,,,,,,,,,,,,,,,,,,,,
,white,high,9,4,,,,,,,,,,,,,,,,,,,,,,,,,,,,,,,,,,,,,,,,,,,,,,,,,,,,,,,,,,,,
,white,high,9,5,,,,,,,,,,242,FG,,335,FG,,,,,,,,,,,,,,,,,,,,,,,,,,,,,,,,,,,,,,,,,,,,,,
,white,high,9,6,,,,,,,312,FG,,,,,,,,,,,,,,,,,,,,,,,,,,,,,,,,,,,,,,,,,,,,,,,,,,,,
,white,high,9,7,227,FG,,,,,,,,,,,,,,,,,,,,,,,,,,,,,,,,,,,,,,,,,,,,,,,,,,,,,,,,,,
,white,high,9,8,184,FG,,,,,,,,,,,,,,,,,,,,,,,,,,,,,,,,,,,,,,,,,,,,,,,,,,,,,,,,,,
,white,high,9,9,,,,,,,,,,,,,,,,,,,,,,,,,,,,,,,,,,,,,,,,,,,,,,,,,,,,,,,,,,,,
,white,high,9,10,,,,,,,,,,,,,,,,,,,,,,,,,,,,,,,,,,,,,,,,,,,,,,,,,,,,,,,,,,,,
,black,high,9,1,172,FG,,181,FG,,156,FG,,71,V3+,,160,FG,basal seed head,193,FG,,198,FG,,142,IB,,169,FG,,,,,,,,,,,,,,,,,,,,,,,,,,,,,,,,,,
,black,high,9,2,205,FG,,145,FG,,,,,172,FG,,95,FG,basal seed head,185,FG,,,,,188,FG,,203,FG,,,,,,,,,,,,,,,,,,,,,,,,,,,,,,,,,,
,black,high,9,3,,,,133,FG,,,,,171,FG,basal seed head,187,FG,,,,,,,,123,FG,,160,FG,,212,FG,,,,,,,,,,,,,,,,,,,,,,,,,,,,,,,
,black,high,9,4,67,FG,,171,FG,,H,H,,140,FG,basal seed head,,,,,,,,,,,,,72,V3+,,,,,,,,,,,,,,,,,,,,,,,,,,,,,,,,,,
,black,high,9,5,107,IB,,,,,156,FG,,132,FG,,,,,115,FG,,,,,H,H,,,,,,,,,,,,,,,,,,,,,,,,,,,,,,,,,,,,,
,black,high,9,6,,,,147,FG,,H,H,,,,,,,,,,,72,V3+,,170,FG,,,,,161,V3+,,,,,,,,,,,,,,,,,,,,,,,,,,,,,,,
,black,high,9,7,169,FG,,,,,,,,69,FG,basal seed heads,,,,73,V3+,,,,,,,,,,,,,,,,,,,,,,,,,,,,,,,,,,,,,,,,,,,
,black,high,9,8,,,,128,FG,,165,FG,,,,,,,,160,FG,,191,FG,,164,FG,,168,FG,,,,,,,,,,,,,,,,,,,,,,,,,,,,,,,,,,
,black,high,9,9,201,FG,,199,FG,,198,FG,,,,,230,FG,,168,FG,,,,,,,,238,FG,,,,,,,,,,,,,,,,,,,,,,,,,,,,,,,,,,
,black,high,9,10,,,,198,FG,,225,FG,,227,FG,,,,,217,FG,,217,FG,,209,FG,,182,FG,,,,,,,,,,,,,,,,,,,,,,,,,,,,,,,,,,
,black,low,9,1,,,,,,,207,V3+,,,,,,,,,,,,,,31,V2,,,,,,,,,,,,,,,,,,,,,,,,,,,,,,,,,,,,,
,black,low,9,2,,,,,,,,,,,,,,,,224,FG,,106,FG,,,,,,,,,,,,,,,,,,,,,,,,,,,,,245,FG,,320,FG,,225,FG,,,,
,black,low,9,3,,,,,,,,,,,,,,,,163,IB,,,,,218,IB,,,,,,,,,,,,,,,,,,,,269,IB,,,,,,,,229,FG,,,,,,,
,black,low,9,4,,,,,,,,,,,,,,,,,,,,,,,,,,,,,,,,,,160,V3+,,,,,195,IB,,103,V3+,,221,FG,,150,V3+,,172,FG,,,,,,,
,black,low,9,5,,,,224,FG,,,,,,,,,,,241,FG,,,,,181,V3+,,,,,134,IB,,,,,,,,188,FG,,,,,,,,159,V3+,,,,,,,,,,,,,
,white,low,9,1,,,,,,,,,,,,,,,,,,,,,,,,,,,,,,,,,,,,,,,,,,,,,,,,,,,,,,,,,,,,
,white,low,9,2,,,,,,,,,,,,,,,,,,,,,,,,,,,,,,,,,,,,,,,,,,,,,,,,,,,,,,,,,,,,
,white,low,9,3,,,,,,,,,,,,,,,,,,,,,,,,,,,,,,,,,,,,,,,,,,,,,,,,,,,,140,V3+,,,,,,,
,white,low,9,4,,,,,,,143,IB,,,,,,,,,,,48,V3+,,,,,,,,,,,,,,,,,,,,,,,,,,,,,,,,,,,42,V3+,,,,
,white,low,9,5,,,,,,,,,,,,,,,,,,,,,,,,,,,,,,,,,,,,,,,,,,,,,,,,,,,,,,,,,,202,FG,herbivory
,white,high,10,1,,,,,,,,,,208,FG,herbivory,144,V3+,herbivory,164,IB,herbivory,210,IB,,181,V3+,,155,V3+,,103,V3+,,,,,,,,,,,,,,,,,,,,,,,,,,,,,,,
,white,high,10,2,185,V3+,,,,,72,IB,,232,FG,herbivory,145,V3+,herbivory,270,FG,,184,V3+,,186,V3+,,190,FG,,166,V3+,,,,,,,,,,,,,,,,,,,,,,,,,,,,,,,
,white,high,10,3,,,,,,,,,,171,IB,,135,V3+,herbivory,,,,199,FG,,85,FG,,,,,145,V3+,,,,,,,,,,,,,,,,,,,,,,,,,,,,,,,
,white,high,10,4,72,V3+,herbivory,148,FG,,,,,126,FG,herbivory,217,FG,,192,FG,,175,IB,herbivory,201,V3+,,167,FG,,194,FG,,,,,,,,,,,,,,,,,,,,,,,,,,,,,,,
,white,high,10,5,195,FG,,161,V3+,,,,,191,FB,,220,IB,,141,IB,,230,FG,,227,FG,,239,FG,,162,IB,,,,,,,,,,,,,,,,,,,,,,,,,,,,,,,
,white,high,10,6,,,,214,IB,,266,FG,,251,FG,,,,,192,FG,,H,H,,231,FG,,202,IB,,,,,,,,,,,,,,,,,,,,,,,,,,,,,,,,,,
,white,high,10,7,,,,195,FG,,155,IB,,,,,,,,161,V3+,,,,,262,FG,,210,FG,,154,V3+,,,,,,,,,,,,,,,,,,,,,,,,,,,,,,,
,white,high,10,8,,,,,,,,,,252,FG,,152,IB,,107,FG,,204,IB,,,,,254,FG,,,,,,,,,,,,,,,,,,,,,,,,,,,,,,,,,,
,white,high,10,9,258,FG,,208,FG,,167,FG,,206,FG,,,,,192,FG,,,,,,,,,,,,,,,,,,,,,,,,,,,,,,,,,,,,,,,,,,,
,white,high,10,10,52,V3+,,,,,,,,,,,37,V3,,,,,,,,,,,41,IB,,,,,,,,,,,,,,,,,,,,,,,,,,,,,,,,,,
,white,low,10,1,46,V3+,,161,FG,,,,,,,,91,V3+,,,,,,,,113,V3+,,169,FG,,,,,210,IB,,175,V3+,,,,,,,,,,,,,,,,,,,,107,V3+,,98,FG,
,white,low,10,2,,,,236,FG,,96,V3+,,215,IB,,,,,,,,61,V3+,,,,,,,,,,,76,V3+,,172,FG,,,,,203,IB,,,,,,,,,,,,,,,,,,,
,white,low,10,3,220,V3+,,,,,,,,,,,,,,,,,,,,176,FG,,,,,,,,170,V3+,,,,,180,IB,,194,IB,,,,,113,V3+,,,,,,,,,,,,,
,white,low,10,4,,,,,,,,,,,,,103,V3+,,,,,,,,,,,,,,,,,,,,,,,148,FG,,,,,,,,133,V3+,,,,,,,,,,,,,
,white,low,10,5,191,FG,,,,,159,FG,,,,,146,V3+,,85,V3+,herbivory,,,,,,,159,V3+,,205,IB,,207,FG,,194,FG,,,,,,,,,,,,,,221,FG,,,,,,,,,,
,black,low,10,1,254,FG,,,,,,,,167,V3+,,,,,256,FG,,,,,,,,216,FG,,,,,,,,,,,,,,164,V3+,,101,FG,,,,,,,,,,,,,,,,
,black,low,10,2,239,FG,,,,,,,,135,IB,,190,FG,,,,,222,FG,,,,,,,,,,,,,,,,,,,,,,,132,V3+,,,,,,,,219,V3+,,,,,,,
,black,low,10,3,,,,,,,,,,,,,,,,,,,239,V3+,,,,,,,,,,,,,,,,,,,,,,,,,,,,,,,,233,V3+,herbivory,,,,,,
,black,low,10,4,,,,,,,,,,,,,,,,167,V3+,,214,IB,,,,,,,,159,FG,,70,V3+,,,,,,,,82,V3+,,,,,,,,,,,,,,,,,,,
,black,low,10,5,196,FG,,,,,,,,,,,218,FG,,,,,,,,,,,,,,192,FG,,,,,,,,,,,,,,,,,,,,,,,130,V3+,,,,,,,
,black,high,10,1,111,V3+,,,,,140,FG,,,,,117,FG,,173,FG,,,,,,,,,,,,,,,,,,,,,,,,,,,,,,,,,,,,,,,,,,,
,black,high,10,2,28,V2,,,,,,,,,,,147,IB,,,,,,,,164,FG,,170,FG,,,,,,,,,,,,,,,,,,,,,,,,,,,,,,,,,,
,black,high,10,3,,,,,,,47,FG,basal seed head,132,IB,,226,FG,,83,V3+,,137,FG,,,,,170,FG,,77,V3+,herbivory,,,,,,,,,,,,,,,,,,,,,,,,,,,,,,
,black,high,10,4,,,,,,,212,FG,,180,FG,,187,FG,,109,IB,,,,,,,,,,,,,,,,,,,,,,,,,,,,,,,,,,,,,,,,,,,
,black,high,10,5,53,V3+,,,,,175,FG,,170,FG,,202,FG,,131,FG,,,,,107,V3+,,,,,,,,,,,,,,,,,,,,,,,,,,,,,,,,,,,,,
,black,high,10,6,,,,,,,,,,185,FG,,182,FG,,,,,,,,,,,,,,,,,,,,,,,,,,,,,,,,,,,,,,,,,,,,,,
,black,high,10,7,,,,,,,,,,,,,116,V3+,,131,FG,,H,H,,,,,,,,,,,,,,,,,,,,,,,,,,,,,,,,,,,,,,,,
,black,high,10,8,176,FG,,H,H,,176,FG,,,,,,,,,,,,,,,,,,,,,,,,,,,,,,,,,,,,,,,,,,,,,,,,,,,,
,black,high,10,9,,,,,,,,,,230,FG,,144,V3+,,85,FG,,,,,,,,,,,,,,,,,,,,,,,,,,,,,,,,,,,,,,,,,,,
,black,high,10,10,,,,,,,,,,,,,,,,,,,134,FG,,,,,,,,,,,,,,,,,,,,,,,,,,,,,,,,,,,,,,,,
height switch,,On,,,,,,,,,,,,,,,,,,,,,,,,,,,,,,,,,,,,,,,,,,,,,,,,,,,,,,,,,,,,,,
v-stage switch,,Off,,,,,,,,,,,,,,,,,,,,,,,,,,,,,,,,,,,,,,,,,,,,,,,,,,,,,,,,,,,,,,